ghcnh_station_id,station_name,timestamp_utc,latitude,longitude,elevation_m,temperature_c,dew_point_c,relative_humidity_pct,wind_speed_ms,wind_direction_deg,visibility_m,precipitation_mm,sea_level_pressure_hpa,present_weather_code,cloud_layer
41862199999,"RAJARHAT KURIGRAM, BG",2024-09-26T00:00:00,25.8,89.55,31.0,25.2,25.0,98.8,1.5,60.0,3000.0,9.0,1007.8,"6,1,02,1","03,1,+00240,1,07,1"
41915099999,"SRIMANGAL, BG",2024-09-16T15:00:00,24.3,91.7333333,23.0,29.0,27.0,89.0,0.0,,6000.0,0.0,1005.7,nan,"03,1,+00480,1,06,1"
42044099999,"QAZI GUND, IN",2024-09-13T09:00:00,33.5833333,75.0833333,1690.0,29.2,13.8,38.9,0.5,270.0,4000.0,,,nan,"03,1,+00800,1,08,1"
42044099999,"QAZI GUND, IN",2024-09-30T03:00:00,33.5833333,75.0833333,1690.0,16.8,9.5,62.1,0.0,,4000.0,,,nan,
42056099999,"JAMMU, IN",2024-09-16T06:00:00,32.6666666,74.8333333,367.0,31.0,23.2,63.2,0.5,50.0,4000.0,,,nan,
42071099999,"AMRITSAR, IN",2024-09-12T04:30:00,31.709594,74.797264,230.42,32.0,26.0,70.6,1.5,280.0,3000.0,,,"05,1",
42071099999,"AMRITSAR, IN",2024-09-14T12:00:00,31.709594,74.797264,230.42,31.0,26.0,74.8,2.1,350.0,5000.0,,,"05,1","04,1,+00914,1,99,9"
42071099999,"AMRITSAR, IN",2024-09-15T16:30:00,31.709594,74.797264,230.42,28.0,23.0,74.3,1.0,,4000.0,,,"10,1",
42071099999,"AMRITSAR, IN",2024-09-19T11:00:00,31.709594,74.797264,230.42,26.0,22.0,78.6,2.1,300.0,5000.0,,,"10,1","02,1,+00610,1,99,9"
42071099999,"AMRITSAR, IN",2024-09-23T00:00:00,31.709594,74.797264,230.42,27.0,26.0,94.3,0.0,,2200.0,,,"10,1",
42071099999,"AMRITSAR, IN",2024-09-24T07:00:00,31.709594,74.797264,230.42,35.0,24.0,53.0,2.6,320.0,4000.0,,,"05,1",
42071099999,"AMRITSAR, IN",2024-09-27T13:00:00,31.709594,74.797264,230.42,26.0,24.0,88.7,0.0,,4000.0,,,"10,1","02,1,+00914,1,99,9"
42071099999,"AMRITSAR, IN",2024-09-29T10:00:00,31.709594,74.797264,230.42,32.0,22.0,55.5,2.1,300.0,6000.0,,,nan,"02,1,+00914,1,99,9"
42071099999,"AMRITSAR, IN",2024-09-29T21:00:00,31.709594,74.797264,230.42,24.2,22.1,88.1,0.0,,4000.0,,1008.8,"0,1,02,1","02,1,+02700,1,03,1"
42080199999,"BHAVNAGAR, IN",2024-09-03T11:30:00,21.752206,72.185181,13.41,28.0,25.0,83.8,2.1,340.0,5000.0,,,"05,1","02,1,+00610,1,99,9"
42099099999,"LUDHIANA, IN",2024-09-15T12:00:00,30.8666666,75.9333333,255.0,32.0,22.7,57.9,1.0,270.0,4000.0,,1000.6,"2,1,02,1","04,1,+00900,1,06,1"
42101099999,"PATIALA, IN",2024-09-10T21:00:00,30.3333333,76.4666666,251.0,26.0,24.3,90.4,0.0,,4000.0,,1002.0,nan,"03,1,+01050,1,06,1"
42111099999,"DEHRADUN, IN",2024-09-16T03:00:00,30.3166666,78.0333333,682.0,25.2,22.9,87.1,0.0,,4000.0,,1003.1,"0,1,02,1",
42131099999,"HISSAR, IN",2024-09-30T18:00:00,29.179444,75.755336,213.36,27.2,24.6,85.7,0.0,,4000.0,,1006.5,nan,"01,1,+01250,1,06,1"
42139099999,"MEERUT, IN",2024-09-13T06:00:00,29.0166666,77.7166667,222.0,24.6,24.3,98.2,1.0,230.0,2000.0,3.0,1000.6,"6,1,02,1","06,1,+00450,1,07,1"
42147099999,"MUKTESHWAR KUMAON, IN",2024-09-25T03:00:00,29.4666666,79.65,2311.0,17.4,15.5,88.6,0.0,,2000.0,1.0,,"2,1,02,1","03,1,+00210,1,06,1"
42147099999,"MUKTESHWAR KUMAON, IN",2024-09-30T09:00:00,29.4666666,79.65,2311.0,23.6,16.7,65.2,0.0,,4000.0,,,"0,1,02,1","01,1,+00150,1,06,1"
42176099999,"ROHTAK, IN",2024-09-08T12:00:00,28.8333333,76.5833333,222.0,30.4,28.2,88.1,1.0,290.0,4000.0,1.0,1000.0,nan,"07,1,+99999,9,03,1"
42181099999,"INDIRA GANDHI INTERNATIONAL, IN",2024-09-06T12:30:00,28.5665,77.103088,236.82,28.0,24.0,78.9,2.6,120.0,4000.0,,,"10,1","04,1,+00914,1,99,9"
42181099999,"INDIRA GANDHI INTERNATIONAL, IN",2024-09-08T20:30:00,28.5665,77.103088,236.82,27.0,26.0,94.3,0.0,,1600.0,,,"10,1","04,1,+02743,1,99,9"
42181099999,"INDIRA GANDHI INTERNATIONAL, IN",2024-09-21T12:30:00,28.5665,77.103088,236.82,33.0,23.0,55.8,1.0,,5000.0,,,"05,1","04,1,+03048,1,99,9"
42181099999,"INDIRA GANDHI INTERNATIONAL, IN",2024-09-21T15:00:00,28.5665,77.103088,236.82,30.0,26.7,82.5,1.0,,2000.0,,1005.7,"0,1,02,1","02,1,+03000,1,03,1"
42182099999,"SAFDARJUNG, IN",2024-09-16T03:00:00,28.584511,77.205783,214.88,27.6,24.1,81.3,3.1,270.0,4000.0,,1005.1,"1,1,02,1","02,1,+01050,1,06,1"
42189099999,"BAREILLY, IN",2024-09-11T12:00:00,28.422061,79.450842,176.78,25.0,25.0,100.0,0.5,320.0,1000.0,25.0,998.2,"9,1,02,1","06,1,+00600,1,06,1"
42189099999,"BAREILLY, IN",2024-09-15T18:00:00,28.422061,79.450842,176.78,26.2,25.1,93.7,0.0,,2000.0,,1003.1,"0,1,02,1",
42262099999,"ALIGARH, IN",2024-09-18T12:00:00,27.8833333,78.0666666,187.0,23.0,23.0,100.0,2.1,50.0,1000.0,60.0,,"6,1,02,1","03,1,+00800,1,06,1"
42314099999,"DIBRUGARH, IN",2024-09-06T00:30:00,27.483853,95.016922,110.33,27.0,26.0,94.3,2.1,10.0,5000.0,,,"10,1","04,1,+00610,1,99,9"
42314099999,"DIBRUGARH, IN",2024-09-06T12:00:00,27.483853,95.016922,110.33,32.0,27.0,74.9,0.0,,7000.0,,,nan,"02,1,+00762,1,99,9"
42314099999,"DIBRUGARH, IN",2024-09-13T01:00:00,27.483853,95.016922,110.33,28.0,24.0,78.9,3.1,10.0,6000.0,,,nan,"02,1,+03048,1,99,9"
42314099999,"DIBRUGARH, IN",2024-09-29T11:30:00,27.483853,95.016922,110.33,26.0,25.0,94.2,2.1,10.0,4000.0,,,"10,1","04,1,+00244,1,99,9"
42328099999,"JAISALMER, IN",2024-09-12T06:00:00,26.9,70.9166666,231.0,33.6,25.2,61.5,2.6,230.0,2000.0,,999.8,"0,1,02,1",
42348099999,"JAIPUR, IN",2024-09-16T22:30:00,26.824192,75.812161,384.96,26.0,22.0,78.6,4.1,320.0,3000.0,,,"10,1","02,1,+00914,1,99,9"
42348099999,"JAIPUR, IN",2024-09-18T01:00:00,26.824192,75.812161,384.96,25.0,20.0,73.8,1.5,50.0,9999.0,,,nan,"08,1,+01463,1,99,9"
42348099999,"JAIPUR, IN",2024-09-24T00:30:00,26.824192,75.812161,384.96,27.0,25.0,88.8,0.5,,3000.0,,,"10,1","02,1,+03048,1,99,9"
42348099999,"JAIPUR, IN",2024-09-27T16:30:00,26.824192,75.812161,384.96,27.0,23.0,78.8,5.1,90.0,3500.0,,,"10,1","02,1,+03048,1,99,9"
42348099999,"JAIPUR, IN",2024-09-28T15:00:00,26.824192,75.812161,384.96,27.4,24.2,82.7,3.1,110.0,2000.0,,1006.8,"0,1,02,1","02,1,+03000,1,03,1"
42361099999,"GWALIOR, IN",2024-09-05T00:00:00,26.293336,78.227753,188.06,26.2,25.3,94.8,0.0,,4000.0,0.2,1001.4,"6,1,02,1","04,1,+00600,1,06,1"
42361099999,"GWALIOR, IN",2024-09-17T00:00:00,26.293336,78.227753,188.06,27.0,24.7,87.2,0.0,,4000.0,,1004.4,"2,1,02,1","03,1,+00600,1,06,1"
42361099999,"GWALIOR, IN",2024-09-28T18:00:00,26.293336,78.227753,188.06,25.6,25.3,98.2,0.0,,4000.0,2.0,1007.7,"5,1,02,1","05,1,+00600,1,06,1"
42369099999,"LUCKNOW, IN",2024-09-27T04:30:00,26.760594,80.889339,124.96,26.0,24.0,88.7,5.1,110.0,4000.0,,,"10,1","02,1,+00305,1,99,9"
42374099999,"AYODHA, IN",2024-09-01T16:00:00,26.74828,82.16276,100.0,26.0,24.0,88.7,3.1,70.0,4000.0,,,"10,1","04,1,+00610,1,99,9"
42374099999,"AYODHA, IN",2024-09-10T07:00:00,26.74828,82.16276,100.0,32.0,25.0,66.6,3.1,80.0,5000.0,,,"05,1","04,1,+00610,1,99,9"
42374099999,"AYODHA, IN",2024-09-15T06:00:00,26.74828,82.16276,100.0,29.0,24.0,74.4,2.1,300.0,4000.0,,,"10,1","04,1,+00610,1,99,9"
42374099999,"AYODHA, IN",2024-09-15T11:00:00,26.74828,82.16276,100.0,29.0,23.0,70.1,2.1,310.0,5000.0,,,"05,1","02,1,+00610,1,99,9"
42404099999,"DHUBRI, IN",2024-09-03T12:00:00,26.0166666,89.9833333,36.0,26.8,25.7,93.7,0.0,,4000.0,3.0,1005.1,"9,1,02,1","01,1,+00360,1,07,1"
42407099999,"GOALPARA, IN",2024-09-30T03:00:00,26.1833333,90.6333333,38.0,27.2,26.4,95.4,0.0,,4000.0,6.0,1008.1,"6,1,02,1","02,1,+00600,1,06,1"
42408099999,"RANGIA, IN",2024-09-30T12:00:00,26.4333333,91.6166666,60.0,30.0,28.1,89.6,0.0,,2000.0,2.0,1003.1,"0,1,02,1",
42410099999,"GUWAHATI INTERNATIONAL, IN",2024-09-04T01:30:00,26.106092,91.585939,49.37,27.0,25.0,88.8,1.5,140.0,4000.0,,,"10,1","04,1,+00549,1,99,9"
42410099999,"GUWAHATI INTERNATIONAL, IN",2024-09-25T20:00:00,26.106092,91.585939,49.37,26.0,25.0,94.2,1.5,320.0,2500.0,,,"61,1","02,1,+00244,1,99,9"
42410099999,"GUWAHATI INTERNATIONAL, IN",2024-09-26T13:00:00,26.106092,91.585939,49.37,26.0,24.0,88.7,1.5,340.0,3000.0,,,"61,1","04,1,+00488,1,99,9"
42410099999,"GUWAHATI INTERNATIONAL, IN",2024-09-28T13:00:00,26.106092,91.585939,49.37,26.0,25.0,94.2,1.5,150.0,3000.0,,,"10,1","04,1,+00549,1,99,9"
42423199999,"JORHAT, IN",2024-09-13T05:00:00,26.731528,94.175536,94.79,35.0,25.0,56.2,4.1,50.0,6000.0,,,nan,"02,1,+00762,1,99,9"
42459099999,"SHIVPURI, IN",2024-09-05T12:00:00,25.3333333,77.65,464.0,30.0,27.3,85.5,0.0,,4000.0,,998.0,,
42479099999,"LAL BAHADUR SHASTRI, IN",2024-09-01T02:00:00,25.45,82.8666666,81.08,29.0,28.0,94.4,3.6,90.0,2000.0,,,"10,1","04,1,+00762,1,99,9"
42479099999,"LAL BAHADUR SHASTRI, IN",2024-09-03T06:00:00,25.45,82.8666666,81.08,33.4,25.0,61.5,3.1,110.0,2000.0,,1006.0,nan,"03,1,+00750,1,06,1"
42479099999,"LAL BAHADUR SHASTRI, IN",2024-09-07T16:00:00,25.45,82.8666666,81.08,28.0,26.0,88.9,0.0,,2000.0,,,"10,1","04,1,+00610,1,99,9"
42479099999,"LAL BAHADUR SHASTRI, IN",2024-09-15T10:30:00,25.45,82.8666666,81.08,30.0,25.0,74.6,2.1,40.0,3500.0,,,"05,1","04,1,+00610,1,99,9"
42479099999,"LAL BAHADUR SHASTRI, IN",2024-09-23T11:00:00,25.45,82.8666666,81.08,34.0,26.0,63.1,1.5,300.0,4000.0,,,"05,1","02,1,+03048,1,99,9"
42492099999,"PATNA, IN",2024-09-02T00:00:00,25.591317,85.087992,51.81,28.4,26.7,90.5,4.1,90.0,2000.0,,1005.6,"2,1,02,1","02,1,+00540,1,06,1"
42492099999,"PATNA, IN",2024-09-02T13:00:00,25.591317,85.087992,51.81,33.0,29.0,79.6,2.1,80.0,4000.0,,,"10,1","02,1,+00549,1,99,9"
42492099999,"PATNA, IN",2024-09-10T13:00:00,25.591317,85.087992,51.81,31.0,28.0,84.1,4.6,100.0,3500.0,,,"10,1","04,1,+00549,1,99,9"
42492099999,"PATNA, IN",2024-09-10T16:30:00,25.591317,85.087992,51.81,31.0,30.0,94.4,5.7,110.0,3500.0,,,"10,1","02,1,+00549,1,99,9"
42492099999,"PATNA, IN",2024-09-20T06:00:00,25.591317,85.087992,51.81,33.2,26.8,69.2,2.1,290.0,4000.0,,1005.4,"0,1,02,1","02,1,+00540,1,06,1"
42492099999,"PATNA, IN",2024-09-26T06:00:00,25.591317,85.087992,51.81,29.0,28.0,94.4,4.6,120.0,2800.0,,,"61,1","07,1,+00305,1,99,9"
42498099999,"BHAGALPUR, IN",2024-09-21T15:00:00,25.2333333,86.95,49.0,31.8,27.7,79.0,0.0,,2000.0,,1005.5,"0,1,02,1","02,1,+00600,1,06,1"
42522099999,"HAFLONG, IN",2024-09-14T03:00:00,25.1666666,93.0166666,682.0,24.0,22.5,91.3,0.0,,1000.0,,1003.1,nan,"03,1,+00250,1,07,1"
42539099999,"DEESA, IN",2024-09-17T09:00:00,24.2,72.2,136.0,32.0,22.4,56.9,1.0,,4000.0,,1006.9,nan,"03,1,+00600,1,06,1"
42539099999,"DEESA, IN",2024-09-18T21:00:00,24.2,72.2,136.0,27.0,23.2,79.7,0.0,,4000.0,,1004.4,nan,
42542099999,"UDAIPUR, IN",2024-09-21T13:00:00,24.617697,73.8961,513.28,29.0,24.0,74.4,1.0,270.0,3000.0,,,"10,1","04,1,+00762,1,99,9"
42546099999,"CHITTORGARH, IN",2024-09-11T03:00:00,24.8833333,74.6333333,404.0,25.4,25.4,100.0,0.5,200.0,2000.0,14.0,1003.0,nan,"05,1,+99999,9,09,1"
42567099999,"KHAJURAHO, IN",2024-09-23T09:00:00,24.9833333,79.9166666,217.0,36.0,24.7,52.3,2.6,290.0,4000.0,,1002.7,"2,1,02,1","03,1,+00600,1,06,1"
42587099999,"DALTONGANJ, IN",2024-09-22T21:00:00,24.05,84.0666666,221.0,27.8,26.4,92.1,0.0,,2000.0,,1003.4,"2,1,02,1","03,1,+03000,1,03,1"
42619099999,"SILCHAR, IN",2024-09-21T03:00:00,24.75,92.8,29.0,31.2,28.5,85.6,1.0,230.0,2000.0,,1005.5,"2,1,02,1","03,1,+00600,1,06,1"
42619099999,"SILCHAR, IN",2024-09-27T15:00:00,24.75,92.8,29.0,30.2,27.2,84.0,0.0,,2000.0,,1010.3,"2,1,02,1","03,1,+00600,1,06,1"
42634099999,"BHUJ, IN",2024-09-07T03:00:00,23.287828,69.670147,81.68,28.0,26.0,88.9,1.5,250.0,6000.0,,,nan,"04,1,+00610,1,99,9"
42639099999,"NEW KANDLA, IN",2024-09-30T12:00:00,23.0,70.2166666,14.0,30.4,26.8,81.1,4.1,250.0,4000.0,,1010.4,nan,"01,1,+00750,1,08,1"
42647099999,"AHMEDABAD, IN",2024-09-05T09:00:00,23.077242,72.63465,57.6,29.4,25.1,77.7,1.5,320.0,4000.0,0.3,1002.0,"5,1,02,1","02,1,+00450,1,07,1"
42647099999,"AHMEDABAD, IN",2024-09-06T04:00:00,23.077242,72.63465,57.6,26.0,24.0,88.7,2.1,220.0,2500.0,,,"10,1","04,1,+00366,1,99,9"
42647099999,"AHMEDABAD, IN",2024-09-07T08:00:00,23.077242,72.63465,57.6,31.0,23.0,62.5,4.6,270.0,4000.0,,,"05,1","04,1,+00610,1,99,9"
42647099999,"AHMEDABAD, IN",2024-09-18T15:00:00,23.077242,72.63465,57.6,30.6,23.7,66.7,1.5,290.0,4000.0,,1005.2,"0,1,02,1","01,1,+00600,1,06,1"
42647099999,"AHMEDABAD, IN",2024-09-27T03:30:00,23.077242,72.63465,57.6,26.0,24.0,88.7,3.1,230.0,2000.0,,,"10,1","04,1,+00305,1,99,9"
42654099999,"GANDHINAGAR, IN",2024-09-14T03:00:00,23.2333333,72.7166666,82.0,27.0,24.7,87.2,0.5,230.0,4000.0,0.5,1007.1,nan,"99,9,+00800,1,99,9"
42662099999,"UJJAIN, IN",2024-09-28T12:00:00,23.1833333,75.7833333,489.0,25.0,24.1,94.8,0.0,,1000.0,11.0,1004.5,"6,1,02,1","04,1,+00450,1,07,1"
42667099999,"BHOPAL, IN",2024-09-10T00:00:00,23.287467,77.337375,523.95,25.2,24.9,98.2,1.5,270.0,2000.0,3.0,1000.3,"9,1,02,1","03,1,+00600,1,06,1"
42667099999,"BHOPAL, IN",2024-09-29T21:00:00,23.287467,77.337375,523.95,23.0,21.8,93.0,1.5,180.0,4000.0,4.0,1007.9,"6,1,02,1","03,1,+00800,1,06,1"
42671099999,"SAGAR, IN",2024-09-18T18:00:00,23.85,78.75,551.0,21.8,20.6,92.9,0.0,,4000.0,1.0,1003.7,nan,"04,1,+00600,1,06,1"
42674099999,"DAMOH, IN",2024-09-24T03:00:00,23.8333333,79.45,371.0,28.6,25.8,84.8,0.5,360.0,10000.0,,1003.4,nan,"99,9,+00800,1,99,9"
42675099999,"JABALPUR, IN",2024-09-07T00:00:00,23.177817,80.052047,494.99,26.0,24.9,93.7,1.0,270.0,4000.0,,1003.0,"2,1,02,1","04,1,+00750,1,06,1"
42675099999,"JABALPUR, IN",2024-09-11T01:30:00,23.177817,80.052047,494.99,24.0,24.0,100.0,9.3,230.0,2500.0,,,"63,1","04,1,+00183,1,99,9"
42675099999,"JABALPUR, IN",2024-09-22T06:00:00,23.177817,80.052047,494.99,29.0,25.0,79.0,2.6,330.0,3000.0,,,"05,1","02,1,+00914,1,99,9"
42675099999,"JABALPUR, IN",2024-09-30T01:30:00,23.177817,80.052047,494.99,26.0,24.0,88.7,2.1,200.0,5000.0,,,"05,1","02,1,+03048,1,99,9"
42701099999,"BIRSA MUNDA, IN",2024-09-08T11:00:00,23.31425,85.321675,654.71,29.0,23.0,70.1,4.1,80.0,4000.0,,,"05,1","04,1,+00549,1,99,9"
42701099999,"BIRSA MUNDA, IN",2024-09-11T04:00:00,23.31425,85.321675,654.71,26.0,23.0,83.6,4.1,220.0,4000.0,,,"10,1","04,1,+00549,1,99,9"
42701099999,"BIRSA MUNDA, IN",2024-09-23T08:00:00,23.31425,85.321675,654.71,30.0,23.0,66.2,2.1,60.0,5000.0,,,"05,1","02,1,+00610,1,99,9"
42701099999,"BIRSA MUNDA, IN",2024-09-26T08:00:00,23.31425,85.321675,654.71,26.0,23.0,83.6,3.6,180.0,4000.0,,,"10,1","04,1,+00305,1,99,9"
42701099999,"BIRSA MUNDA, IN",2024-09-27T06:30:00,23.31425,85.321675,654.71,27.0,23.0,78.8,4.1,140.0,4000.0,,,"10,1","04,1,+00366,1,99,9"
42705599999,"CALICUT, IN",2024-09-07T21:30:00,11.136839,75.9553,104.24,25.0,24.0,94.2,1.0,360.0,5000.0,,,"10,1","04,1,+00366,1,99,9"
42705599999,"CALICUT, IN",2024-09-14T14:30:00,11.136839,75.9553,104.24,26.0,23.0,83.6,3.6,250.0,6000.0,,,nan,"02,1,+00457,1,99,9"
42705599999,"CALICUT, IN",2024-09-17T00:00:00,11.136839,75.9553,104.24,24.0,24.0,100.0,1.0,350.0,5000.0,,,"10,1","02,1,+00183,1,99,9"
42705599999,"CALICUT, IN",2024-09-17T14:00:00,11.136839,75.9553,104.24,26.0,23.0,83.6,2.1,300.0,6000.0,,,nan,"02,1,+00457,1,99,9"
42705599999,"CALICUT, IN",2024-09-21T03:00:00,11.136839,75.9553,104.24,27.3,24.0,82.2,2.1,320.0,4000.0,,1009.5,nan,"02,1,+00450,1,06,1"
42705599999,"CALICUT, IN",2024-09-21T17:30:00,11.136839,75.9553,104.24,25.0,23.0,88.7,1.0,300.0,6000.0,,,nan,"02,1,+00366,1,99,9"
42705599999,"CALICUT, IN",2024-09-28T12:00:00,11.136839,75.9553,104.24,28.0,23.0,74.3,3.6,290.0,6000.0,,,nan,"02,1,+00366,1,99,9"
42705699999,"BANGALURU INTERNATIONAL AIRPORT, IN",2024-09-03T06:00:00,13.2,77.7,915.0,26.0,20.0,69.5,7.2,260.0,9999.0,,,nan,"04,1,+00366,1,99,9"
42705699999,"BANGALURU INTERNATIONAL AIRPORT, IN",2024-09-24T04:00:00,13.2,77.7,915.0,25.0,20.0,73.8,5.1,260.0,6000.0,,,nan,"07,1,+00244,1,99,9"
42706099999,"BANKURA, IN",2024-09-09T21:00:00,23.3833333,87.0833333,100.0,27.6,25.9,90.5,0.0,,2000.0,2.0,999.5,"2,1,02,1","03,1,+00510,1,06,1"
42709099999,"BURDWAN, IN",2024-09-18T12:00:00,23.2333333,87.85,30.0,30.0,26.4,81.1,,,4000.0,,1002.4,nan,
42714099999,"BAGATI, IN",2024-09-30T03:00:00,22.9833333,88.3666666,12.0,29.5,26.6,84.4,0.5,230.0,10000.0,,1008.2,,
42724099999,"AGARTALA, IN",2024-09-09T09:00:00,23.886978,91.24045,14.02,34.0,28.3,72.2,0.5,160.0,4000.0,0.0,1000.1,nan,"03,1,+00540,1,06,1"
42724099999,"AGARTALA, IN",2024-09-29T13:00:00,23.886978,91.24045,14.02,29.0,26.0,83.9,1.5,210.0,4000.0,,,"17,1","04,1,+00549,1,99,9"
42726099999,"LENGPUI, IN",2024-09-24T05:30:00,23.840592,92.619747,426.11,31.0,26.0,74.8,1.5,40.0,3000.0,,,"10,1","04,1,+00457,1,99,9"
42730099999,"OKHA, IN",2024-09-12T00:00:00,22.4833333,69.1166666,7.0,27.4,26.0,92.1,1.5,250.0,4000.0,,1004.6,"0,1,02,1","03,1,+00800,1,06,1"
42730099999,"OKHA, IN",2024-09-24T18:00:00,22.4833333,69.1166666,7.0,28.0,25.2,84.8,1.5,290.0,4000.0,,1005.7,nan,
42740099999,"SURENDRANAGAR, IN",2024-09-04T03:00:00,22.7333333,71.6,74.0,26.2,25.1,93.7,1.0,320.0,4000.0,26.0,1006.6,"0,1,02,1","03,1,+00800,1,06,1"
42754099999,"DEVI AHILYABAI HOLKAR, IN",2024-09-03T21:30:00,22.721786,75.801086,563.88,24.0,22.0,88.6,2.6,260.0,3000.0,,,"61,1","02,1,+00244,1,99,9"
42754099999,"DEVI AHILYABAI HOLKAR, IN",2024-09-06T02:00:00,22.721786,75.801086,563.88,24.0,22.0,88.6,1.5,240.0,3000.0,,,"05,1","02,1,+00305,1,99,9"
42754099999,"DEVI AHILYABAI HOLKAR, IN",2024-09-06T21:00:00,22.721786,75.801086,563.88,23.0,22.0,94.1,2.6,270.0,2000.0,,,"10,1","04,1,+00244,1,99,9"
42754099999,"DEVI AHILYABAI HOLKAR, IN",2024-09-07T07:00:00,22.721786,75.801086,563.88,29.0,25.0,79.0,3.6,290.0,6000.0,,,nan,"02,1,+00610,1,99,9"
42754099999,"DEVI AHILYABAI HOLKAR, IN",2024-09-10T05:00:00,22.721786,75.801086,563.88,26.0,24.0,88.7,2.1,300.0,4000.0,,,"05,1","02,1,+00305,1,99,9"
42754099999,"DEVI AHILYABAI HOLKAR, IN",2024-09-12T02:00:00,22.721786,75.801086,563.88,23.0,22.0,94.1,4.6,250.0,4000.0,,,"05,1","02,1,+00305,1,99,9"
42754099999,"DEVI AHILYABAI HOLKAR, IN",2024-09-13T01:00:00,22.721786,75.801086,563.88,22.0,21.0,94.1,4.6,250.0,4000.0,,,"05,1","04,1,+00244,1,99,9"
42754099999,"DEVI AHILYABAI HOLKAR, IN",2024-09-19T03:00:00,22.721786,75.801086,563.88,24.4,22.4,88.6,5.1,270.0,4000.0,5.0,1006.8,"0,1,02,1","03,1,+00300,1,07,1"
42754099999,"DEVI AHILYABAI HOLKAR, IN",2024-09-21T06:00:00,22.721786,75.801086,563.88,30.0,24.0,70.3,1.5,270.0,6000.0,,,nan,"04,1,+00610,1,99,9"
42754099999,"DEVI AHILYABAI HOLKAR, IN",2024-09-25T02:00:00,22.721786,75.801086,563.88,24.0,23.0,94.1,0.0,,1000.0,,,"12,1","02,1,+00610,1,99,9"
42771099999,"SEONI, IN",2024-09-12T12:00:00,22.0833333,79.55,619.0,26.8,24.2,85.7,0.5,180.0,2000.0,,1002.5,nan,"04,1,+00800,1,06,1"
42776099999,"MANDLA, IN",2024-09-28T12:00:00,22.5833333,80.3666666,443.0,29.2,24.0,73.6,0.0,,4000.0,,1003.7,nan,"03,1,+00600,1,06,1"
42782099999,"BILASPUR, IN",2024-09-18T09:00:00,21.9884,82.110983,274.01,30.6,24.0,67.9,0.0,,4000.0,,1002.9,nan,"03,1,+00600,1,06,1"
42782099999,"BILASPUR, IN",2024-09-29T06:00:00,21.9884,82.110983,274.01,32.0,24.9,66.2,1.0,230.0,4000.0,,1010.2,nan,"03,1,+00900,1,08,1"
42798099999,"JAMSHEDPUR, IN",2024-09-24T12:00:00,22.813211,86.168844,153.92,27.0,26.0,94.3,0.0,,3500.0,,,"61,1","04,1,+00457,1,99,9"
42799099999,"JAMSHEDPUR, IN",2024-09-11T12:00:00,22.8166666,86.1833333,129.0,31.4,27.3,78.9,0.0,,2000.0,,998.1,"2,1,02,1","06,1,+99999,9,06,1"
42803099999,"MIDNAPORE, IN",2024-09-24T12:00:00,22.4166666,87.3166666,45.0,29.8,27.3,86.5,0.0,,4000.0,11.0,1000.6,"2,1,02,1","05,1,+01250,1,08,1"
42809099999,"NETAJI SUBHASH CHANDRA BOSE INTERNATIONAL, IN",2024-09-03T12:00:00,22.654739,88.446722,4.87,29.0,27.3,90.6,2.1,180.0,2000.0,6.0,1004.5,"9,1,02,1","03,1,+00540,1,06,1"
42809099999,"NETAJI SUBHASH CHANDRA BOSE INTERNATIONAL, IN",2024-09-07T00:00:00,22.654739,88.446722,4.87,29.0,26.0,83.9,0.0,,3500.0,,,"05,1","02,1,+00610,1,99,9"
42809099999,"NETAJI SUBHASH CHANDRA BOSE INTERNATIONAL, IN",2024-09-07T20:30:00,22.654739,88.446722,4.87,28.0,26.0,88.9,1.5,50.0,2800.0,,,"05,1","04,1,+00610,1,99,9"
42809099999,"NETAJI SUBHASH CHANDRA BOSE INTERNATIONAL, IN",2024-09-19T15:30:00,22.654739,88.446722,4.87,32.0,27.0,74.9,1.5,280.0,3500.0,,,"05,1","02,1,+00610,1,99,9"
42809099999,"NETAJI SUBHASH CHANDRA BOSE INTERNATIONAL, IN",2024-09-29T12:00:00,22.654739,88.446722,4.87,33.0,26.9,70.4,0.0,,4000.0,,1006.9,"2,1,02,1","02,1,+00600,1,06,1"
42809099999,"NETAJI SUBHASH CHANDRA BOSE INTERNATIONAL, IN",2024-09-29T12:00:00,22.654739,88.446722,4.87,33.0,27.0,70.8,2.1,230.0,3500.0,,,"05,1","04,1,+00549,1,99,9"
42832099999,"KESHOD, IN",2024-09-03T03:00:00,21.3166666,70.3166666,50.0,27.0,26.2,95.4,0.0,,2000.0,,1006.5,"2,1,02,1","02,1,+00600,1,06,1"
42832099999,"KESHOD, IN",2024-09-10T12:00:00,21.3166666,70.3166666,50.0,31.0,23.8,65.6,3.1,270.0,4000.0,,1002.2,"1,1,02,1","02,1,+00600,1,06,1"
42834099999,"AMRELI, IN",2024-09-20T03:00:00,21.6,71.2166666,115.0,27.0,22.9,78.3,1.5,270.0,4000.0,,1006.9,nan,
42837099999,"MAHUVA, IN",2024-09-29T12:00:00,21.0833333,71.7833333,9.0,28.4,26.7,90.5,0.0,,4000.0,,1009.0,,"06,1,+00800,1,08,1"
42840099999,"SURAT, IN",2024-09-26T06:00:00,21.2,72.8333333,12.0,26.4,26.1,98.2,0.0,,4000.0,0.4,1004.7,"6,1,02,1","02,1,+00360,1,07,1"
42867099999,"DR AMBEDKAR INTERNATIONAL, IN",2024-09-06T11:00:00,21.092192,79.047183,314.85,32.0,21.0,52.2,2.6,220.0,5000.0,,,"05,1","04,1,+00549,1,99,9"
42867099999,"DR AMBEDKAR INTERNATIONAL, IN",2024-09-09T15:00:00,21.092192,79.047183,314.85,27.0,26.2,95.4,1.0,180.0,2000.0,9.0,1000.7,"9,1,02,1","04,1,+00540,1,06,1"
42867099999,"DR AMBEDKAR INTERNATIONAL, IN",2024-09-10T08:30:00,21.092192,79.047183,314.85,26.0,24.0,88.7,3.1,280.0,3000.0,,,"95,1","04,1,+00305,1,99,9"
42867099999,"DR AMBEDKAR INTERNATIONAL, IN",2024-09-17T19:30:00,21.092192,79.047183,314.85,25.0,23.0,88.7,4.6,300.0,3500.0,,,"05,1","02,1,+00610,1,99,9"
42871099999,"GONDIA ARPT BIRSI, IN",2024-09-21T08:30:00,21.524467,80.287997,300.84,34.0,29.0,75.2,2.6,320.0,5000.0,,,"05,1","04,1,+00762,1,99,9"
42871099999,"GONDIA ARPT BIRSI, IN",2024-09-27T06:30:00,21.524467,80.287997,300.84,28.0,25.0,83.8,2.6,210.0,4000.0,,,"05,1","02,1,+00549,1,99,9"
42872099999,"MANA, IN",2024-09-18T12:00:00,21.2333333,81.65,313.0,29.2,24.3,74.9,2.6,200.0,4000.0,,1002.3,"2,1,02,1","03,1,+00600,1,06,1"
42872099999,"MANA, IN",2024-09-21T03:00:00,21.2333333,81.65,313.0,29.2,26.1,83.4,1.0,320.0,2000.0,,1006.6,"2,1,02,1","02,1,+07500,1,00,1"
42875099999,"SWAMI VIVEKANANDA, IN",2024-09-19T06:30:00,21.1833333,81.7333333,317.6,30.0,22.0,62.2,0.5,250.0,5000.0,,,"05,1","04,1,+00610,1,99,9"
42875099999,"SWAMI VIVEKANANDA, IN",2024-09-27T07:30:00,21.1833333,81.7333333,317.6,30.0,24.0,70.3,4.6,180.0,6000.0,,,nan,"02,1,+00366,1,99,9"
42875099999,"SWAMI VIVEKANANDA, IN",2024-09-29T04:30:00,21.1833333,81.7333333,317.6,29.0,24.0,74.4,3.6,230.0,6000.0,,,nan,"04,1,+00762,1,99,9"
42886099999,"JHARSUGUDA, IN",2024-09-16T06:30:00,21.913536,84.050383,228.9,28.0,26.0,88.9,5.7,320.0,4000.0,,,"05,1","02,1,+00366,1,99,9"
42886099999,"JHARSUGUDA, IN",2024-09-18T06:00:00,21.913536,84.050383,228.9,27.0,26.0,94.3,1.5,180.0,4000.0,,,"61,1","02,1,+00366,1,99,9"
42891099999,"KEONGJHARGARH, IN",2024-09-04T09:00:00,21.6166666,85.5166666,463.0,31.4,24.5,66.8,0.0,,4000.0,,1001.0,nan,"03,1,+00600,1,06,1"
42895099999,"BALASORE, IN",2024-09-07T12:00:00,21.5166666,86.9333333,20.0,31.6,27.5,78.9,1.0,90.0,4000.0,,1001.1,"9,1,02,1","03,1,+00600,1,06,1"
42895099999,"BALASORE, IN",2024-09-14T21:00:00,21.5166666,86.9333333,20.0,25.0,24.7,98.2,1.5,230.0,2000.0,47.0,995.0,"6,1,02,1","04,1,+00540,1,06,1"
42900099999,"CONTAI, IN",2024-09-29T12:00:00,21.7833333,87.75,11.0,30.8,25.1,71.7,0.5,180.0,2000.0,,,,"04,1,+00800,1,06,1"
42901099999,"DIGHA, IN",2024-09-07T21:00:00,21.6166666,87.5,6.0,27.6,26.5,93.7,0.5,20.0,4000.0,,1001.4,"9,1,99,9","04,1,+00600,1,06,1"
42916099999,"DAMAN, IN",2024-09-04T03:00:00,20.4166666,72.85,12.0,27.8,26.9,94.9,1.0,,2000.0,27.0,1007.7,"5,1,02,1","02,1,+00600,1,06,1"
42937099999,"AMRAOTI, IN",2024-09-10T12:00:00,20.9333333,77.7833333,370.0,27.0,25.3,90.4,2.1,250.0,4000.0,,998.3,nan,"04,1,+00800,1,06,1"
42948099999,"RAJNANDGAON, IN",2024-09-21T03:00:00,21.1,81.0333333,329.0,28.5,25.0,81.4,,,4000.0,,1005.2,nan,
42971099999,"BHUBANESHWAR, IN",2024-09-13T05:30:00,20.244364,85.817781,42.06,31.0,26.0,74.8,5.1,280.0,4000.0,,,"05,1","04,1,+00549,1,99,9"
42971099999,"BHUBANESHWAR, IN",2024-09-14T21:30:00,20.244364,85.817781,42.06,25.0,24.0,94.2,4.6,320.0,2000.0,,,"95,1","07,1,+00488,1,99,9"
42971099999,"BHUBANESHWAR, IN",2024-09-20T20:00:00,20.244364,85.817781,42.06,28.0,27.0,94.3,1.0,310.0,4000.0,,,"05,1","04,1,+00549,1,99,9"
42971099999,"BHUBANESHWAR, IN",2024-09-26T18:30:00,20.244364,85.817781,42.06,26.0,25.0,94.2,0.0,,4000.0,,,"05,1","02,1,+00366,1,99,9"
42971099999,"BHUBANESHWAR, IN",2024-09-26T20:00:00,20.244364,85.817781,42.06,26.0,25.0,94.2,0.0,,4000.0,,,"05,1","02,1,+00366,1,99,9"
42971099999,"BHUBANESHWAR, IN",2024-09-30T11:00:00,20.244364,85.817781,42.06,31.0,26.0,74.8,3.6,190.0,5000.0,,,"17,1","04,1,+00549,1,99,9"
42973099999,"CHANDBALI, IN",2024-09-30T18:00:00,20.7833333,86.7333333,6.0,29.8,27.6,88.0,0.5,180.0,4000.0,,1007.0,nan,"02,1,+00600,1,06,1"
43003099999,"CHHATRAPATI SHIVAJI INTERNATIONAL, IN",2024-09-02T12:30:00,19.088686,72.867919,11.27,28.0,25.0,83.8,4.1,280.0,2500.0,,,"10,1","02,1,+00366,1,99,9"
43003099999,"CHHATRAPATI SHIVAJI INTERNATIONAL, IN",2024-09-03T12:00:00,19.088686,72.867919,11.27,30.0,25.8,78.2,1.5,270.0,2000.0,0.6,1004.9,"6,1,02,1","02,1,+00420,1,07,1"
43003099999,"CHHATRAPATI SHIVAJI INTERNATIONAL, IN",2024-09-11T09:00:00,19.088686,72.867919,11.27,30.4,25.6,75.6,2.1,230.0,2000.0,0.6,1004.4,"6,1,02,1","02,1,+00540,1,06,1"
43003099999,"CHHATRAPATI SHIVAJI INTERNATIONAL, IN",2024-09-12T23:00:00,19.088686,72.867919,11.27,27.0,23.0,78.8,2.1,230.0,2500.0,,,"10,1","04,1,+00549,1,99,9"
43003099999,"CHHATRAPATI SHIVAJI INTERNATIONAL, IN",2024-09-14T04:30:00,19.088686,72.867919,11.27,26.0,23.0,83.6,4.6,230.0,2500.0,,,"05,1","02,1,+00366,1,99,9"
43003099999,"CHHATRAPATI SHIVAJI INTERNATIONAL, IN",2024-09-19T09:00:00,19.088686,72.867919,11.27,30.0,23.0,66.2,4.6,250.0,4000.0,,,"05,1","04,1,+00610,1,99,9"
43003099999,"CHHATRAPATI SHIVAJI INTERNATIONAL, IN",2024-09-21T00:00:00,19.088686,72.867919,11.27,26.4,24.1,87.2,0.0,,2000.0,2.0,1007.3,"1,1,02,1","02,1,+00600,1,06,1"
43014099999,"AURANGABAD, IN",2024-09-05T10:00:00,19.863169,75.398206,582.47,25.0,24.0,94.2,4.6,230.0,1500.0,,,"51,1","04,1,+00305,1,99,9"
43014099999,"AURANGABAD, IN",2024-09-05T12:00:00,19.863169,75.398206,582.47,26.0,24.0,88.7,3.1,250.0,4000.0,,,"05,1","02,1,+00305,1,99,9"
43014099999,"AURANGABAD, IN",2024-09-16T00:30:00,19.863169,75.398206,582.47,22.0,21.0,94.1,1.0,270.0,3000.0,,,"10,1","04,1,+00610,1,99,9"
43014099999,"AURANGABAD, IN",2024-09-17T01:00:00,19.863169,75.398206,582.47,21.0,19.0,88.3,1.0,270.0,4000.0,,,"05,1","04,1,+00610,1,99,9"
43014099999,"AURANGABAD, IN",2024-09-18T18:00:00,19.863169,75.398206,582.47,25.4,21.3,78.1,0.0,,4000.0,,1005.3,nan,"03,1,+00600,1,06,1"
43014099999,"AURANGABAD, IN",2024-09-30T18:00:00,19.863169,75.398206,582.47,25.4,23.4,88.7,0.0,,4000.0,,1008.9,nan,"03,1,+00600,1,06,1"
43021099999,"NANDED, IN",2024-09-17T05:00:00,19.0833333,77.3333333,358.0,29.0,22.0,65.9,2.6,340.0,6000.0,,,nan,"02,1,+00762,1,99,9"
43021099999,"NANDED, IN",2024-09-28T11:00:00,19.0833333,77.3333333,358.0,33.0,24.0,59.2,3.1,230.0,6000.0,,,nan,"04,1,+00762,1,99,9"
43049099999,"GOPALPUR, IN",2024-09-16T21:00:00,19.2666666,84.8833333,17.0,27.4,25.1,87.3,0.5,200.0,2000.0,0.0,1000.4,"2,1,02,1","03,1,+00600,1,06,1"
43063099999,"PUNE, IN",2024-09-23T03:00:00,18.5333333,73.85,558.0,25.0,23.6,91.9,0.0,,4000.0,17.0,1008.2,"4,1,02,1","04,1,+00780,1,06,1"
43063099999,"PUNE, IN",2024-09-26T09:00:00,18.5333333,73.85,558.0,27.0,22.7,77.3,1.5,270.0,10000.0,0.1,1001.4,"2,1,02,1","02,1,+00660,1,07,1"
43081099999,"NIZAMABAD, IN",2024-09-25T00:00:00,18.6666666,78.1,381.0,24.8,23.3,91.4,0.0,,4000.0,,1001.9,nan,"03,1,+00800,1,06,1"
43081099999,"NIZAMABAD, IN",2024-09-25T09:00:00,18.6666666,78.1,381.0,31.6,25.1,68.5,0.0,,10000.0,,999.2,nan,"03,1,+00800,1,08,1"
43097099999,"KORAPUT, IN",2024-09-21T12:00:00,18.8166666,82.7166666,913.0,27.5,21.3,69.0,,,,,,nan,
43113099999,"SATARA, IN",2024-09-28T03:00:00,17.5166666,74.05,612.0,24.0,21.7,87.0,0.0,,4000.0,2.0,1008.7,nan,"05,1,+00800,1,07,1"
43117099999,"SHOLAPUR, IN",2024-09-29T18:00:00,17.627958,75.934842,482.8,26.8,23.7,83.1,0.0,,4000.0,,1009.8,nan,"02,1,+00800,1,06,1"
43128099999,"BEGUMPET AIRPORT, IN",2024-09-01T09:00:00,17.452417,78.461111,530.96,22.8,21.9,94.7,2.1,320.0,4000.0,25.0,1001.8,"9,1,02,1","02,1,+00300,1,07,1"
43128099999,"BEGUMPET AIRPORT, IN",2024-09-03T08:00:00,17.452417,78.461111,530.96,27.0,22.0,74.1,6.2,300.0,5000.0,,,"05,1","04,1,+00305,1,99,9"
43128099999,"BEGUMPET AIRPORT, IN",2024-09-07T09:30:00,17.452417,78.461111,530.96,28.0,22.0,69.9,6.2,280.0,5000.0,,,"05,1","04,1,+00305,1,99,9"
43128099999,"BEGUMPET AIRPORT, IN",2024-09-14T03:00:00,17.452417,78.461111,530.96,25.6,20.6,73.9,1.5,270.0,4000.0,,1008.0,"2,1,02,1","02,1,+00600,1,06,1"
43128099999,"BEGUMPET AIRPORT, IN",2024-09-14T21:00:00,17.452417,78.461111,530.96,24.2,20.9,81.8,0.5,,4000.0,,1005.5,"1,1,02,1","02,1,+00600,1,06,1"
43128099999,"BEGUMPET AIRPORT, IN",2024-09-26T06:30:00,17.452417,78.461111,530.96,27.0,22.0,74.1,2.6,240.0,5000.0,,,"05,1","02,1,+00305,1,99,9"
43128599999,"HYDERABAD INTERNATIONAL AIRPORT, IN",2024-09-06T12:00:00,17.2333333,78.4166666,617.0,27.0,23.0,78.8,6.2,280.0,5000.0,,,"05,1","04,1,+00305,1,99,9"
43128599999,"HYDERABAD INTERNATIONAL AIRPORT, IN",2024-09-23T18:30:00,17.2333333,78.4166666,617.0,24.0,23.0,94.1,2.6,250.0,3000.0,,,"10,1","04,1,+00305,1,99,9"
43147099999,"TUNI, IN",2024-09-19T21:00:00,17.35,82.55,35.0,27.2,25.2,88.8,1.0,360.0,4000.0,,1003.7,nan,"03,1,+00600,1,08,1"
43147099999,"TUNI, IN",2024-09-22T21:00:00,17.35,82.55,35.0,27.7,25.8,89.4,0.0,,4000.0,,1003.2,nan,"02,1,+00600,1,08,1"
43147099999,"TUNI, IN",2024-09-23T21:00:00,17.35,82.55,35.0,27.7,26.4,92.6,0.0,,4000.0,,1002.8,nan,"03,1,+00600,1,08,1"
43149099999,"VISHAKHAPATNAM CTLZ, IN",2024-09-18T13:00:00,17.7166666,83.2166666,4.57,31.0,26.0,74.8,2.6,220.0,4500.0,,,"10,1","02,1,+00549,1,99,9"
43149099999,"VISHAKHAPATNAM CTLZ, IN",2024-09-30T16:30:00,17.7166666,83.2166666,4.57,29.0,29.0,100.0,1.0,,4500.0,,,"10,1","04,1,+00549,1,99,9"
43157099999,"KOLHAPUR, IN",2024-09-08T06:30:00,16.664658,74.289353,608.38,27.0,21.0,69.7,5.7,220.0,7000.0,,,nan,"04,1,+00366,1,99,9"
43157099999,"KOLHAPUR, IN",2024-09-13T06:00:00,16.664658,74.289353,608.38,27.0,19.0,61.6,4.1,220.0,6000.0,,,nan,"04,1,+00610,1,99,9"
43157099999,"KOLHAPUR, IN",2024-09-14T03:00:00,16.664658,74.289353,608.38,23.4,21.3,88.0,0.5,270.0,4000.0,0.0,1009.1,nan,"03,1,+00800,1,06,1"
43177099999,"RENTACHINTALA, IN",2024-09-12T03:00:00,16.55,79.55,106.0,29.0,26.5,86.4,0.5,230.0,10000.0,,1005.7,nan,"01,1,+00800,1,06,1"
43181099999,"VIJAYAWADA, IN",2024-09-13T03:00:00,16.530433,80.796847,24.99,32.0,23.0,59.0,6.2,250.0,6000.0,,,nan,"02,1,+00610,1,99,9"
43181099999,"VIJAYAWADA, IN",2024-09-23T00:00:00,16.530433,80.796847,24.99,26.6,25.1,91.5,1.0,320.0,4000.0,2.0,1002.9,nan,"02,1,+00800,1,06,1"
43181099999,"VIJAYAWADA, IN",2024-09-24T16:30:00,16.530433,80.796847,24.99,27.0,25.0,88.8,1.5,60.0,6000.0,,,nan,"04,1,+00549,1,99,9"
43185099999,"MACHILIPATNAM FRANCHPET, IN",2024-09-07T18:00:00,16.2,81.15,3.0,27.0,25.5,91.5,1.5,290.0,4000.0,3.0,1004.3,"5,1,02,1","03,1,+00600,1,06,1"
43187099999,"NARSAPUR, IN",2024-09-18T15:00:00,16.4333333,81.7,4.0,30.0,22.6,64.6,0.0,,4000.0,,1004.6,nan,"03,1,+00800,1,06,1"
43189099999,"KAKINADA, IN",2024-09-20T03:00:00,16.95,82.2333333,8.0,29.2,26.1,83.4,0.0,,10000.0,,1005.9,nan,"03,1,+00800,1,06,1"
43192099999,"GOA PANJIM, IN",2024-09-23T18:00:00,15.4833333,73.8166666,58.4,26.6,26.0,96.5,1.0,320.0,4000.0,0.0,1006.8,"6,1,02,1","03,1,+00450,1,07,1"
43194099999,"GOA INTERNATIONAL, IN",2024-09-24T01:00:00,15.38083,73.831421,56.08,26.0,25.0,94.2,4.6,280.0,3000.0,,,"63,1","04,1,+00122,1,99,9"
43194099999,"GOA INTERNATIONAL, IN",2024-09-24T10:00:00,15.38083,73.831421,56.08,26.0,25.0,94.2,2.6,350.0,3000.0,,,"10,1","04,1,+00183,1,99,9"
43201199999,"HUBLI, IN",2024-09-04T10:30:00,15.35,75.0833333,661.29,24.0,22.0,88.6,6.2,280.0,6000.0,,,nan,"04,1,+00366,1,99,9"
43201199999,"HUBLI, IN",2024-09-05T01:30:00,15.35,75.0833333,661.29,22.0,21.0,94.1,4.1,260.0,5000.0,,,"10,1","02,1,+00244,1,99,9"
43201199999,"HUBLI, IN",2024-09-15T01:00:00,15.35,75.0833333,661.29,21.0,20.0,94.0,2.1,250.0,4000.0,,,"10,1","02,1,+00244,1,99,9"
43201199999,"HUBLI, IN",2024-09-18T05:00:00,15.35,75.0833333,661.29,27.0,21.0,69.7,3.1,290.0,6000.0,,,nan,"02,1,+00366,1,99,9"
43201199999,"HUBLI, IN",2024-09-25T00:30:00,15.35,75.0833333,661.29,23.0,22.0,94.1,4.1,260.0,4000.0,,,"51,1","04,1,+00213,1,99,9"
43213099999,"KURNOOL, IN",2024-09-04T15:00:00,15.8,78.0666666,281.0,25.6,23.2,86.6,1.5,230.0,4000.0,4.0,1005.3,"6,1,02,1","03,1,+00800,1,09,1"
43213099999,"KURNOOL, IN",2024-09-24T21:00:00,15.8,78.0666666,281.0,25.2,22.5,85.0,1.5,270.0,4000.0,9.0,1001.0,"6,1,02,1","04,1,+00800,1,08,1"
43220099999,"BAPATLA, IN",2024-09-10T18:00:00,15.9,80.4666666,6.0,29.4,26.0,82.0,0.0,,4000.0,,1004.1,nan,"02,1,+00800,1,06,1"
43226099999,"HONAVAR, IN",2024-09-12T00:00:00,14.2833333,74.45,9.0,24.0,23.7,98.2,0.0,,4000.0,13.0,1004.7,"6,1,02,1","04,1,+00250,1,07,1"
43226099999,"HONAVAR, IN",2024-09-26T15:00:00,14.2833333,74.45,9.0,26.0,23.4,85.6,1.0,270.0,4000.0,6.0,1008.2,"5,1,02,1","06,1,+00250,1,07,1"
43233099999,"CHITRADURGA, IN",2024-09-12T06:00:00,14.2333333,76.4333333,733.0,27.0,23.0,78.8,6.2,270.0,10000.0,,1009.8,nan,"04,1,+00450,1,07,1"
43233099999,"CHITRADURGA, IN",2024-09-13T09:00:00,14.2333333,76.4333333,733.0,29.0,21.5,64.0,7.2,270.0,10000.0,,1006.9,nan,"03,1,+00450,1,08,1"
43237099999,"PBO ANANTAPUR, IN",2024-09-13T21:00:00,14.5833333,77.6333333,364.0,27.0,20.0,65.5,1.5,250.0,4000.0,,1004.1,nan,"03,1,+00600,1,06,1"
43278099999,"NUMGAMBAKKAM, IN",2024-09-22T00:00:00,13.0666666,80.2,7.0,27.6,25.3,87.3,1.0,250.0,4000.0,,1004.6,nan,"02,1,+00800,1,06,1"
43279099999,"CHENNAI INTERNATIONAL, IN",2024-09-01T05:00:00,12.994414,80.180517,15.84,33.0,25.0,62.9,6.2,250.0,6000.0,,,nan,"02,1,+00610,1,99,9"
43279099999,"CHENNAI INTERNATIONAL, IN",2024-09-01T10:30:00,12.994414,80.180517,15.84,33.0,26.0,66.8,2.6,200.0,4000.0,,,"05,1","04,1,+00549,1,99,9"
43279099999,"CHENNAI INTERNATIONAL, IN",2024-09-02T10:00:00,12.994414,80.180517,15.84,35.0,25.0,56.2,4.6,240.0,6000.0,,,nan,"02,1,+00610,1,99,9"
43279099999,"CHENNAI INTERNATIONAL, IN",2024-09-03T17:30:00,12.994414,80.180517,15.84,27.0,25.0,88.8,1.5,120.0,4000.0,,,"51,1","04,1,+00549,1,99,9"
43279099999,"CHENNAI INTERNATIONAL, IN",2024-09-09T17:30:00,12.994414,80.180517,15.84,29.0,26.0,83.9,2.6,200.0,5000.0,,,"10,1","04,1,+00610,1,99,9"
43279099999,"CHENNAI INTERNATIONAL, IN",2024-09-28T21:00:00,12.994414,80.180517,15.84,27.8,25.8,88.9,0.0,,4000.0,,1008.7,nan,"03,1,+00600,1,06,1"
43279099999,"CHENNAI INTERNATIONAL, IN",2024-09-28T21:00:00,12.994414,80.180517,15.84,29.0,26.0,83.9,1.0,,5000.0,,,"10,1","02,1,+00610,1,99,9"
43284099999,"MANGALORE, IN",2024-09-20T15:00:00,12.961267,74.890069,102.71,27.2,23.1,78.3,1.0,,4000.0,,1008.5,nan,"01,1,+00450,1,06,1"
43284099999,"MANGALORE, IN",2024-09-29T20:00:00,12.961267,74.890069,102.71,26.0,24.0,88.7,1.5,350.0,6000.0,,,nan,"02,1,+00457,1,99,9"
43285099999,"MANGALORE PANAMBUR, IN",2024-09-08T12:00:00,12.95,74.8333333,31.0,29.0,25.0,79.0,0.0,,4000.0,20.0,1009.3,nan,"02,1,+00240,1,07,1"
43295099999,"BANGALORE, IN",2024-09-18T15:00:00,12.9666666,77.5833333,921.0,24.8,14.5,52.7,0.0,,4000.0,,,nan,"01,1,+00450,1,06,1"
43302599999,"BANGALORE, IN",2024-09-02T16:30:00,12.949986,77.668206,887.57,24.0,22.0,88.6,3.1,240.0,6000.0,,,nan,"02,1,+00366,1,99,9"
43302599999,"BANGALORE, IN",2024-09-05T10:00:00,12.949986,77.668206,887.57,30.0,22.0,62.2,5.7,250.0,8000.0,,,nan,"04,1,+00366,1,99,9"
43302599999,"BANGALORE, IN",2024-09-09T08:30:00,12.949986,77.668206,887.57,29.0,23.0,70.1,8.2,250.0,8000.0,,,nan,"04,1,+00366,1,99,9"
43302599999,"BANGALORE, IN",2024-09-22T06:30:00,12.949986,77.668206,887.57,28.0,22.0,69.9,3.1,280.0,8000.0,,,nan,"04,1,+00366,1,99,9"
43302599999,"BANGALORE, IN",2024-09-23T17:30:00,12.949986,77.668206,887.57,24.0,22.0,88.6,4.1,250.0,6000.0,,,nan,"04,1,+00366,1,99,9"
43302599999,"BANGALORE, IN",2024-09-24T12:00:00,12.949986,77.668206,887.57,28.0,23.0,74.3,6.2,230.0,6000.0,,,nan,"04,1,+00366,1,99,9"
43302599999,"BANGALORE, IN",2024-09-29T07:00:00,12.949986,77.668206,887.57,29.0,23.0,70.1,5.1,110.0,6000.0,,,nan,"04,1,+00366,1,99,9"
43302599999,"BANGALORE, IN",2024-09-30T15:00:00,12.949986,77.668206,887.57,28.0,21.0,65.7,3.1,100.0,6000.0,,,nan,"02,1,+00366,1,99,9"
43303099999,"VELLORE, IN",2024-09-26T12:00:00,12.9166667,79.15,214.0,31.8,24.1,63.8,2.1,200.0,10000.0,,1002.7,nan,"05,1,+02250,1,03,1"
43314099999,"KOZHIKODE, IN",2024-09-02T12:00:00,11.25,75.7833333,5.0,31.4,26.7,76.2,1.0,270.0,4000.0,0.3,1006.6,nan,"02,1,+00800,1,08,1"
43314099999,"KOZHIKODE, IN",2024-09-21T00:00:00,11.25,75.7833333,5.0,25.6,24.2,92.0,0.0,,4000.0,5.0,1008.3,"6,1,02,1","01,1,+00450,1,06,1"
43315099999,"CANNUR, IN",2024-09-25T09:00:00,11.8333333,75.3333333,18.0,29.6,26.0,81.0,1.0,250.0,10000.0,5.0,1005.8,nan,"03,1,+00450,1,08,1"
43321099999,"COIMBATORE, IN",2024-09-02T03:00:00,11.031133,77.044411,403.55,26.0,22.0,78.6,5.1,230.0,5000.0,,,"10,1","02,1,+00366,1,99,9"
43321099999,"COIMBATORE, IN",2024-09-12T21:00:00,11.031133,77.044411,403.55,24.2,22.7,91.3,4.6,230.0,4000.0,,1008.5,"2,1,02,1","02,1,+00240,1,07,1"
43321099999,"COIMBATORE, IN",2024-09-14T10:30:00,11.031133,77.044411,403.55,31.0,21.0,55.3,6.2,240.0,7000.0,,,nan,"04,1,+00366,1,99,9"
43321099999,"COIMBATORE, IN",2024-09-20T04:00:00,11.031133,77.044411,403.55,28.0,20.0,61.8,4.1,200.0,6000.0,,,nan,"02,1,+00457,1,99,9"
43321099999,"COIMBATORE, IN",2024-09-26T18:30:00,11.031133,77.044411,403.55,25.0,22.0,83.4,4.6,230.0,5000.0,,,"10,1","02,1,+00366,1,99,9"
43321099999,"COIMBATORE, IN",2024-09-30T10:30:00,11.031133,77.044411,403.55,33.0,19.0,43.6,3.1,90.0,7000.0,,,nan,"04,1,+00366,1,99,9"
43325099999,"SALEM, IN",2024-09-30T03:00:00,11.65,78.1666666,278.0,28.4,23.1,73.0,1.5,90.0,10000.0,,1011.8,nan,"02,1,+00800,1,06,1"
43329099999,"CUDDALORE, IN",2024-09-10T03:00:00,11.7666666,79.7666666,12.0,28.8,23.9,74.9,0.0,,10000.0,0.0,1007.0,nan,"01,1,+00800,1,06,1"
43342099999,"K. PARAMATHY, IN",2024-09-19T03:00:00,10.95,78.0833333,181.0,28.4,21.9,67.9,1.0,230.0,2000.0,,1007.8,nan,"03,1,+00800,1,08,1"
43344099999,"TIRUCHIRAPPALLI, IN",2024-09-02T11:00:00,10.765364,78.709722,87.78,38.0,23.0,42.3,5.1,250.0,6000.0,,,nan,"02,1,+00488,1,99,9"
43344099999,"TIRUCHIRAPPALLI, IN",2024-09-21T16:00:00,10.765364,78.709722,87.78,31.0,25.0,70.4,2.1,210.0,5000.0,,,"05,1","02,1,+00488,1,99,9"
43344099999,"TIRUCHIRAPPALLI, IN",2024-09-23T03:00:00,10.765364,78.709722,87.78,30.8,21.3,57.0,8.2,270.0,4000.0,,1006.7,"2,1,02,1","02,1,+00480,1,06,1"
43344099999,"TIRUCHIRAPPALLI, IN",2024-09-27T04:30:00,10.765364,78.709722,87.78,33.0,24.0,59.2,5.7,290.0,5000.0,,,"05,1","02,1,+00488,1,99,9"
43344099999,"TIRUCHIRAPPALLI, IN",2024-09-28T06:00:00,10.765364,78.709722,87.78,35.0,26.0,59.7,2.6,230.0,6000.0,,,nan,"04,1,+00488,1,99,9"
43348099999,"ATIRAMAPATTINAM, IN",2024-09-26T12:00:00,10.3333333,79.3833333,6.0,31.8,26.8,74.9,2.1,180.0,10000.0,,1004.0,nan,"02,1,+00800,1,06,1"
43352099999,"ALAPUZHA, IN",2024-09-05T12:00:00,9.55,76.4166666,4.0,30.4,25.6,75.6,3.1,320.0,10000.0,,1007.6,nan,"02,1,+00800,1,06,1"
43357099999,"THRISSUR, IN",2024-09-27T03:00:00,10.5166666,76.2166666,39.0,28.0,24.9,83.3,0.0,,10000.0,,1010.4,nan,"02,1,+00800,1,06,1"
43360099999,"MADURAI, IN",2024-09-02T04:00:00,9.834508,78.093378,139.9,32.0,23.0,59.0,3.1,10.0,6000.0,,,nan,"02,1,+00610,1,99,9"
43360099999,"MADURAI, IN",2024-09-02T10:00:00,9.834508,78.093378,139.9,36.0,22.0,44.4,5.1,280.0,6000.0,,,nan,"02,1,+00610,1,99,9"
43360099999,"MADURAI, IN",2024-09-18T00:00:00,9.834508,78.093378,139.9,27.0,20.0,65.5,1.0,340.0,4000.0,,1005.5,nan,"99,9,+99999,9,00,1"
43360099999,"MADURAI, IN",2024-09-19T06:00:00,9.834508,78.093378,139.9,37.0,19.0,34.9,3.6,290.0,7000.0,,,nan,"02,1,+00610,1,99,9"
43360099999,"MADURAI, IN",2024-09-21T09:30:00,9.834508,78.093378,139.9,37.0,20.0,37.2,4.1,80.0,6000.0,,,nan,"04,1,+00610,1,99,9"
43360099999,"MADURAI, IN",2024-09-21T12:00:00,9.834508,78.093378,139.9,36.0,19.9,39.0,3.1,50.0,4000.0,,1003.2,nan,"02,1,+00800,1,06,1"
43360099999,"MADURAI, IN",2024-09-24T21:00:00,9.834508,78.093378,139.9,28.0,20.0,61.8,2.6,320.0,5000.0,,,"05,1","02,1,+00610,1,99,9"
43360099999,"MADURAI, IN",2024-09-26T17:00:00,9.834508,78.093378,139.9,29.0,23.0,70.1,2.1,190.0,6000.0,,,nan,"02,1,+00549,1,99,9"
43360099999,"MADURAI, IN",2024-09-27T17:00:00,9.834508,78.093378,139.9,27.0,23.0,78.8,2.1,90.0,5000.0,,,"05,1","04,1,+00549,1,99,9"
43360099999,"MADURAI, IN",2024-09-30T15:30:00,9.834508,78.093378,139.9,29.0,25.0,79.0,3.1,130.0,6000.0,,,nan,"02,1,+00549,1,99,9"
43361099999,"TONDI, IN",2024-09-10T09:00:00,9.7333333,79.0333333,5.0,34.4,25.4,59.6,6.2,200.0,10000.0,,1003.6,nan,"04,1,+00800,1,06,1"
43361099999,"TONDI, IN",2024-09-14T00:00:00,9.7333333,79.0333333,5.0,27.8,25.7,88.4,0.0,,4000.0,6.0,1007.6,nan,"01,1,+00800,1,06,1"
43371099999,"THIRUVANANTHAPURAM, IN",2024-09-12T18:00:00,8.4833333,76.95,64.0,26.8,24.5,87.2,1.0,320.0,4000.0,,1011.5,nan,"01,1,+00540,1,06,1"
43372099999,"THIRUVANANTHAPURAM INTERNATIONAL, IN",2024-09-01T06:00:00,8.482122,76.920114,4.57,27.0,25.0,88.8,2.1,310.0,2500.0,,,"10,1","04,1,+00366,1,99,9"
43372099999,"THIRUVANANTHAPURAM INTERNATIONAL, IN",2024-09-01T14:00:00,8.482122,76.920114,4.57,27.0,24.0,83.7,5.1,320.0,4000.0,,,"10,1","04,1,+00366,1,99,9"
43372099999,"THIRUVANANTHAPURAM INTERNATIONAL, IN",2024-09-09T15:30:00,8.482122,76.920114,4.57,28.0,24.0,78.9,3.1,310.0,4000.0,,,"10,1","04,1,+00366,1,99,9"
43372099999,"THIRUVANANTHAPURAM INTERNATIONAL, IN",2024-09-16T04:00:00,8.482122,76.920114,4.57,30.0,25.0,74.6,3.6,310.0,6000.0,,,nan,"04,1,+00366,1,99,9"
43372099999,"THIRUVANANTHAPURAM INTERNATIONAL, IN",2024-09-17T01:30:00,8.482122,76.920114,4.57,27.0,24.0,83.7,3.6,10.0,4000.0,,,"10,1","02,1,+00457,1,99,9"
43372099999,"THIRUVANANTHAPURAM INTERNATIONAL, IN",2024-09-19T04:00:00,8.482122,76.920114,4.57,30.0,24.0,70.3,3.6,310.0,6000.0,,,nan,"04,1,+00366,1,99,9"
43372099999,"THIRUVANANTHAPURAM INTERNATIONAL, IN",2024-09-21T11:00:00,8.482122,76.920114,4.57,30.0,25.0,74.6,6.2,310.0,6000.0,,,nan,"04,1,+00366,1,99,9"
43372099999,"THIRUVANANTHAPURAM INTERNATIONAL, IN",2024-09-28T23:00:00,8.482122,76.920114,4.57,26.0,24.0,88.7,1.5,360.0,3000.0,,,"10,1","04,1,+00366,1,99,9"
44478099999,"BIRATNAGAR, NP",2024-09-30T12:00:00,26.481453,87.264036,71.93,29.7,26.9,85.0,3.6,260.0,8000.0,0.0,1002.9,nan,"01,1,+00800,1,08,1"
