USAF,WBAN,STATION NAME,CTRY,STATE,ICAO,LAT,LON,ELEV(M),BEGIN,END,USAF_STR,WBAN_STR,ghcnh_station_id
389210,99999,SHIRABAD,UZ,,,37.667,67.017,410.0,19590811,20250824,389210,99999,38921099999
389270,99999,TERMEZ,UZ,,UTST,37.287,67.31,313.0,19480101,20250824,389270,99999,38927099999
389330,99999,KURGAN-TYUBE,TI,,,37.817,68.783,429.0,19600101,20250824,389330,99999,38933099999
389440,99999,PARKHAR,TI,,,37.483,69.383,448.0,19591030,20250824,389440,99999,38944099999
389470,99999,PYANDJ,TI,,,37.233,69.083,363.0,19480101,20250824,389470,99999,38947099999
389510,99999,RUSHAN,TI,,,37.95,71.55,1981.0,20130112,20250824,389510,99999,38951099999
389540,99999,KHOROG,TI,,,37.5,71.5,2077.0,19571011,20250824,389540,99999,38954099999
389570,99999,ISHKASHIM,TI,,,36.717,71.6,2523.0,19591108,20250824,389570,99999,38957099999
415040,99999,GUPIS,PK,,OPXB,36.167,73.4,2156.0,20051001,20250824,415040,99999,41504099999
415080,99999,DIR,PK,,OPXO,35.2,71.85,1369.0,19800309,20250824,415080,99999,41508099999
415150,99999,DROSH,PK,,,35.567,71.783,1465.0,19440101,20250824,415150,99999,41515099999
415160,99999,GILGIT,PK,,OPGT,35.919,74.334,1457.2,19730401,20250824,415160,99999,41516099999
415170,99999,SKARDU,PK,,OPSD,35.336,75.536,2316.5,19440101,20250824,415170,99999,41517099999
415180,99999,BUNJI,PK,,,35.667,74.633,1470.0,20040806,20250824,415180,99999,41518099999
415190,99999,CHILLAS,PK,,,35.417,74.1,1251.0,20050728,20250824,415190,99999,41519099999
415200,99999,ASTORE,PK,,,35.367,74.9,2168.0,20050727,20250824,415200,99999,41520099999
415205,99999,CHITRAL,PK,,,35.883,71.8,1494.0,20050727,20250824,415205,99999,41520599999
415235,99999,SAIDU SHARIF,PK,,,34.817,72.35,970.0,20050101,20250824,415235,99999,41523599999
415250,99999,MALAM JABBA,PK,,OPXS,34.75,72.9,2691.0,20070116,20250824,415250,99999,41525099999
415300,99999,PESHAWAR,PK,,,34.017,71.583,360.0,19440101,20250824,415300,99999,41530099999
415320,99999,MUZAFFAR ABAD,PK,,,34.367,73.483,702.0,19730103,20250824,415320,99999,41532099999
415330,99999,RISALPUR,PK,,OPRS,34.081,71.973,320.0,19730101,20250824,415330,99999,41533099999
415350,99999,KAKUL,PK,,,34.183,73.25,1309.0,19730101,20250824,415350,99999,41535099999
415360,99999,BALAKOT,PK,,,34.383,73.35,981.0,19980301,20250824,415360,99999,41536099999
415600,99999,PARACHINAR,PK,,,33.867,70.083,1726.0,19440101,20250824,415600,99999,41560099999
415640,99999,KOHAT,PK,,,33.567,71.433,513.0,19730101,20250824,415640,99999,41564099999
415650,99999,CHERAT,PK,,,33.817,71.883,1372.0,19440101,20250824,415650,99999,41565099999
415710,99999,CHAKLALA,PK,,OPRN,33.617,73.099,508.4,19440101,20250824,415710,99999,41571099999
415730,99999,MURREE,PK,,,33.917,73.383,2127.0,19440101,20250824,415730,99999,41573099999
415770,99999,ISLAMABAD CITY,PK,,,33.717,73.1,525.0,20050727,20250824,415770,99999,41577099999
415920,99999,MIANWALI,PK,,OPMI,32.563,71.571,210.3,19440101,20250824,415920,99999,41592099999
415940,99999,SARGODHA,PK,,OPSR,32.05,72.667,188.0,19730101,20250824,415940,99999,41594099999
415980,99999,JHELUM,PK,,,32.933,73.717,234.0,19730101,20250824,415980,99999,41598099999
415990,99999,SIALKOT,PK,,OPST,32.5,74.533,255.0,20090104,20250816,415990,99999,41599099999
416000,99999,SIALKOT CITY,PK,,OPXG,32.5,74.533,250.0,19440101,20250824,416000,99999,41600099999
416200,99999,ZHOB,PK,,OPZB,31.358,69.464,1417.3,19440101,20250824,416200,99999,41620099999
416240,99999,D I KHAN,PK,,OPDI,31.909,70.897,181.1,19440101,20250824,416240,99999,41624099999
416300,99999,FAISALABAD,PK,,,31.433,73.1,184.0,19440101,20250824,416300,99999,41630099999
416400,99999,LAHORE CITY,PK,,OPLH,31.55,74.333,214.0,19440101,20250824,416400,99999,41640099999
416410,99999,ALLAMA IQBAL INTL,PK,,OPLA,31.522,74.404,217.0,19761201,20250824,416410,99999,41641099999
416711,99999,LAYYAH,PK,,OPXH,31.017,70.967,151.0,20160513,20250824,416711,99999,41671199999
416720,99999,RAFIQUI,PK,,,30.783,72.2,150.0,19750905,20250824,416720,99999,41672099999
416750,99999,MULTAN INTL,PK,,OPMT,30.203,71.419,121.9,19440101,20250824,416750,99999,41675099999
416780,99999,BAHAWALNAGAR,PK,,,29.95,73.25,163.0,19730101,20250824,416780,99999,41678099999
416850,99999,BAR KHAN,PK,,OPXL,29.883,69.717,1097.0,19730620,20250824,416850,99999,41685099999
416970,99999,SIBI,PK,,OPSB,29.55,67.883,134.0,19570201,20250824,416970,99999,41697099999
417000,99999,BAHAWALPUR CITY,PK,,OPXM,29.4,71.783,112.0,19440101,20250824,417000,99999,41700099999
417150,99999,SHAHBAZ AB,PK,,OPJA,28.284,68.45,56.4,19440101,20250824,417150,99999,41715099999
417180,99999,KHANPUR,PK,,,28.65,70.683,88.0,19440101,20250824,417180,99999,41718099999
417250,99999,ROHRI,PK,,OPXX,27.667,68.9,67.0,19570201,20250824,417250,99999,41725099999
417450,99999,SUKRAND AGROMET OBSERVATORY,PK,,OPXY,25.133,68.267,37.0,20180129,20250824,417450,99999,41745099999
417460,99999,PADIDAN,PK,,OPXV,26.85,68.133,46.0,19440101,20250824,417460,99999,41746099999
417480,99999,LARKANA,PK,,OPXQ,27.556,68.21,53.0,20050727,20250824,417480,99999,41748099999
417490,99999,NAWABSHAH,PK,,OPNH,26.219,68.39,28.3,19550101,20250824,417490,99999,41749099999
417640,99999,HYDERABAD AIRPORT,PK,,OPKD,25.383,68.417,41.0,19450228,20250824,417640,99999,41764099999
417680,99999,CHHOR,PK,,,25.517,69.783,6.0,19540101,20250824,417680,99999,41768099999
417800,99999,JINNAH INTL,PK,,OPKC,24.907,67.161,30.5,19420506,20250824,417800,99999,41780099999
417850,99999,BADIN,PK,,OPXK,24.633,68.9,10.0,19440101,20250824,417850,99999,41785099999
417861,99999,M O MITHI,PK,,OPXR,24.732,69.798,30.0,20181121,20250824,417861,99999,41786199999
418500,99999,TETULIA  PANCHAGOR,BG,,,26.35,88.6,55.0,20160217,20250824,418500,99999,41850099999
418580,99999,SAIDPUR,BG,,,25.75,88.917,39.0,19440101,20250824,418580,99999,41858099999
418590,99999,RANGPUR,BG,,,25.733,89.233,34.0,19811213,20250824,418590,99999,41859099999
418621,99999,RAJARHAT KURIGRAM,BG,,,25.8,89.55,31.0,20150218,20250824,418621,99999,41862199999
418630,99999,DINAJPUR,BG,,,25.65,88.683,37.0,19440101,20250824,418630,99999,41863099999
418860,99999,MYMENSINGH,BG,,,24.717,90.433,19.0,19440101,20250824,418860,99999,41886099999
418910,99999,OSMANI INTL,BD,,VGSY,24.963,91.867,15.2,19440131,20250824,418910,99999,41891099999
418950,99999,SHAH MOKHDUM,BG,,VGRJ,24.437,88.617,19.5,19811230,20250824,418950,99999,41895099999
419070,99999,ISHURDI,BG,,VGIS,24.153,89.049,13.7,19820101,20250824,419070,99999,41907099999
419090,99999,TANGAIL,BG,,,24.25,89.933,-999.9,19880305,20250824,419090,99999,41909099999
419150,99999,SRIMANGAL,BG,,,24.3,91.733,23.0,19440101,20250824,419150,99999,41915099999
419220,99999,HAZRAT SHAHJALAL INTL,BG,,VGHS,23.843,90.398,9.1,19430715,20250824,419220,99999,41922099999
419230,99999,TEJGAON,BG,,VGTJ,23.779,90.383,7.3,19450228,20250824,419230,99999,41923099999
419260,99999,CHUADANGA,BG,,,23.65,88.817,12.0,20040821,20250824,419260,99999,41926099999
419290,99999,FARIDPUR,BG,,,23.6,89.85,9.0,19440101,20250824,419290,99999,41929099999
419330,99999,COMILLA,BG,,,23.433,91.183,9.0,19450802,20250824,419330,99999,41933099999
419360,99999,JESSORE / JASHORE,BD,,VGJR,23.184,89.161,6.1,19820101,20250824,419360,99999,41936099999
419390,99999,MADARIPUR,BG,,,23.167,90.183,13.0,19870303,20250824,419390,99999,41939099999
419410,99999,CHANDPUR,BG,,,23.267,90.7,7.0,19610101,20250824,419410,99999,41941099999
419430,99999,FENI,BG,,,23.033,91.417,8.0,19800324,20250824,419430,99999,41943099999
419460,99999,SATKHIRA,BG,,,22.717,89.083,6.0,19780804,20250824,419460,99999,41946099999
419470,99999,KHULNA,BG,,,22.783,89.533,4.0,19811214,20250824,419470,99999,41947099999
419500,99999,BARISAL,BG,,,22.75,90.367,4.0,19440101,20250824,419500,99999,41950099999
419510,99999,BHOLA,BG,,,22.683,90.65,5.0,19830419,20250824,419510,99999,41951099999
419530,99999,MAIJDICOURT,BG,,,22.867,91.1,6.0,20011014,20250824,419530,99999,41953099999
419580,99999,MONGLA,BG,,,22.6,89.5,-999.9,20040807,20250824,419580,99999,41958099999
419600,99999,PATUAKHALI,BG,,,22.333,90.333,3.0,20010805,20250824,419600,99999,41960099999
419630,99999,HATIA,BG,,,22.433,91.1,4.0,19830413,20250824,419630,99999,41963099999
419640,99999,SANDWIP,BG,,,22.483,91.433,6.0,19830408,20250824,419640,99999,41964099999
419650,99999,SITAKUNDU,BG,,,22.583,91.7,10.0,19880609,20250824,419650,99999,41965099999
419660,99999,RANGAMATI,BG,,,22.533,92.2,63.0,19830406,20250824,419660,99999,41966099999
419770,99999,CHITTAGONG (AMBAGAN),BG,,,22.35,91.817,34.0,19440503,20250824,419770,99999,41977099999
419780,99999,SHAH AMANAT INTL,BG,,VGEG,22.25,91.813,3.7,19820101,20250824,419780,99999,41978099999
419840,99999,KHEPUPARA,BG,,,21.983,90.233,9.0,19830427,20250824,419840,99999,41984099999
419890,99999,KUTUBDIA,BG,,,21.817,91.85,7.0,20011014,20250824,419890,99999,41989099999
419920,99999,COXS BAZAR,BG,,VGCB,21.452,91.964,3.7,19460101,20250824,419920,99999,41992099999
419980,99999,TEKNAF,BG,,,20.867,92.3,6.0,19820729,20250824,419980,99999,41998099999
420260,99999,GULMARG,IN,,,34.05,74.4,2655.0,19440601,20250824,420260,99999,42026099999
420270,99999,SRINAGAR,IN,,,34.083,74.833,1587.0,19730101,20250824,420270,99999,42027099999
420420,99999,SRINAGAR,IN,,,33.983,74.783,1664.0,19881026,20241111,420420,99999,42042099999
420440,99999,QAZI GUND,IN,,,33.583,75.083,1690.0,20090205,20250824,420440,99999,42044099999
420450,99999,BANIHAL,IN,,,33.5,75.167,1630.0,20021023,20250824,420450,99999,42045099999
420560,99999,JAMMU,IN,,,32.667,74.833,367.0,19830902,20250824,420560,99999,42056099999
420620,99999,DHARMSALA,IN,,,32.267,76.383,1211.0,19730101,20250824,420620,99999,42062099999
420650,99999,MANALI,IN,,,32.267,77.167,2039.0,19990223,20250824,420650,99999,42065099999
420710,99999,AMRITSAR,IN,,VIAR,31.71,74.797,230.4,19730101,20250824,420710,99999,42071099999
420770,99999,UNA,IN,,,31.467,76.267,369.0,20090205,20250824,420770,99999,42077099999
420780,99999,MANDI,IN,,,31.717,76.967,761.0,19590602,20250824,420780,99999,42078099999
420790,99999,SUNDERNAGAR,IN,,,31.533,76.9,874.0,20130529,20250824,420790,99999,42079099999
420801,99999,BHAVNAGAR,IN,,VABV,21.752,72.185,13.4,20110129,20250824,420801,99999,42080199999
420810,99999,BHUNTAR,IN,,,31.833,77.167,1084.0,20020903,20250824,420810,99999,42081099999
420830,99999,SHIMLA,IN,,,31.1,77.167,2202.0,19440101,20250824,420830,99999,42083099999
420990,99999,LUDHIANA,IN,,,30.867,75.933,255.0,19730101,20250824,420990,99999,42099099999
421010,99999,PATIALA,IN,,,30.333,76.467,251.0,19730101,20250824,421010,99999,42101099999
421030,99999,AMBALA,IN,,,30.383,76.767,272.0,19440101,20250824,421030,99999,42103099999
421040,99999,NAHAN,IN,,,30.4,76.767,958.0,19881016,20250824,421040,99999,42104099999
421050,99999,CHANDIGARH(IAFB),IN,,,30.733,76.883,347.0,19740101,20250824,421050,99999,42105099999
421110,99999,DEHRADUN,IN,,,30.317,78.033,682.0,19440101,20250824,421110,99999,42111099999
421140,99999,TEHRI,IN,,,30.4,78.483,770.0,19981224,20250824,421140,99999,42114099999
421230,99999,GANGANAGAR,IN,,,29.917,73.917,177.0,19440101,20250824,421230,99999,42123099999
421310,99999,HISAR,IN,,VIHR,29.179,75.755,213.4,19440101,20250824,421310,99999,42131099999
421370,99999,KARNAL,IN,,,29.7,77.033,249.0,19730109,20250823,421370,99999,42137099999
421390,99999,MEERUT,IN,,,29.017,77.717,222.0,19440603,20250824,421390,99999,42139099999
421430,99999,NAJIBABAD,IN,,,29.617,78.383,270.0,19730101,20250824,421430,99999,42143099999
421470,99999,MUKTESHWAR KUMAON,IN,,,29.467,79.65,2311.0,19440101,20250824,421470,99999,42147099999
421480,99999,PANTNAGAR,IN,,,29.033,79.467,233.0,20070520,20250824,421480,99999,42148099999
421650,99999,BIKANER,IN,,,28.0,73.3,224.0,19440101,20250824,421650,99999,42165099999
421700,99999,CHURU,IN,,,28.25,74.917,291.0,19730101,20250824,421700,99999,42170099999
421740,99999,PILANI,IN,,,28.333,75.583,301.0,20020630,20250824,421740,99999,42174099999
421760,99999,ROHTAK,IN,,,28.833,76.583,222.0,20010728,20250824,421760,99999,42176099999
421770,99999,NARNAUL,IN,,,28.0,76.083,308.0,20020219,20241203,421770,99999,42177099999
421810,99999,INDIRA GANDHI INTL,IN,,VIDP,28.567,77.103,236.8,19750307,20250824,421810,99999,42181099999
421820,99999,SAFDARJUNG,IN,,VIDD,28.585,77.206,214.9,19420702,20250824,421820,99999,42182099999
421830,99999,BULANDSHAHR,IN,,,28.4,77.867,218.0,20010823,20250708,421830,99999,42183099999
421870,99999,MORADABAD,IN,,,28.833,78.75,202.0,19830915,20250823,421870,99999,42187099999
421890,99999,BAREILLY,IN,,VIBY,28.422,79.451,176.8,19440101,20250824,421890,99999,42189099999
422200,99999,PASIGHAT,IN,,,28.1,95.383,157.0,19740403,20250824,422200,99999,42220099999
422370,99999,PHALODI,IN,,,27.133,72.367,234.0,19440101,20250823,422370,99999,42237099999
422490,99999,SIKAR,IN,,,27.617,75.133,433.0,19730101,20250824,422490,99999,42249099999
422550,99999,ALWAR,IN,,,27.5,76.583,271.0,19730101,20250824,422550,99999,42255099999
422570,99999,MATHURA,IN,,,27.5,77.683,174.0,20020418,20241016,422570,99999,42257099999
422600,99999,AGRA,IN,,VIAG,27.156,77.961,167.9,19420824,20250824,422600,99999,42260099999
422620,99999,ALIGARH,IN,,,27.883,78.067,187.0,19730101,20250824,422620,99999,42262099999
422660,99999,SHAHJAHANPUR,IN,,,27.883,79.9,155.0,20090205,20250824,422660,99999,42266099999
422700,99999,KHERI,IN,,,27.9,80.8,147.0,19730101,20250824,422700,99999,42270099999
422710,99999,HARDOI,IN,,,27.383,80.167,142.0,19730101,20250824,422710,99999,42271099999
422730,99999,BAHRAICH,IN,,,27.567,81.6,124.0,19440101,20250824,422730,99999,42273099999
422790,99999,BASTI,IN,,,26.8,82.733,89.0,20160804,20250824,422790,99999,42279099999
422950,99999,DARJEELING,IN,,,27.05,88.267,2128.0,19440101,20250131,422950,99999,42295099999
422960,99999,KALIMPONG,IN,,,27.067,88.467,1209.0,20151207,20250824,422960,99999,42296099999
422990,99999,GANGTOK,IN,,,27.333,88.617,1756.0,19740902,20250824,422990,99999,42299099999
423050,99999,BOMDILA,IN,,,27.417,92.85,2484.0,20020727,20250210,423050,99999,42305099999
423090,99999,LILABARI,IN,,VELR,27.295,94.098,100.6,19431223,20250824,423090,99999,42309099999
423140,99999,DIBRUGARH,IN,,VEMN,27.484,95.017,110.3,19420714,20250824,423140,99999,42314099999
423280,99999,JAISALMER,IN,,,26.9,70.917,231.0,19730101,20250824,423280,99999,42328099999
423390,99999,JODHPUR,IN,,VIJO,26.251,73.049,218.5,19430731,20250824,423390,99999,42339099999
423430,99999,AJMER,IN,,,26.45,74.617,486.0,19440101,20250824,423430,99999,42343099999
423480,99999,JAIPUR,IN,,VIJP,26.824,75.812,385.0,19440101,20250824,423480,99999,42348099999
423540,99999,DHOLPUR,IN,,,26.667,77.833,176.0,19730101,20250817,423540,99999,42354099999
423610,99999,GWALIOR,IN,,VIGR,26.293,78.228,188.1,19440101,20250824,423610,99999,42361099999
423640,99999,ETAWAH,IN,,VIXX,26.921,79.062,149.0,20010711,20250813,423640,99999,42364099999
423670,99999,KANPUR CHAKERI,IN,,VICX,26.404,80.41,123.4,19440101,20250824,423670,99999,42367099999
423690,99999,LUCKNOW / CHAUDHARY CHARAN SINGH INTL,IN,,VILK,26.761,80.889,125.0,19440101,20250824,423690,99999,42369099999
423720,99999,FURSATGANJ AIRPORT,IN,,VERB,26.25,81.383,109.7,20130529,20250824,423720,99999,42372099999
423740,99999,AYODHA,IN,,VEAY,26.748,82.163,100.0,20020203,20250824,423740,99999,42374099999
423790,99999,GORAKHPUR,IN,,VEGK,26.74,83.45,78.9,19440101,20250824,423790,99999,42379099999
423830,99999,MOTIHARI,IN,,,26.667,84.917,66.0,19440101,20250824,423830,99999,42383099999
423870,99999,MUZAFFARPUR,IN,,,26.117,85.4,53.0,19740515,20250824,423870,99999,42387099999
423910,99999,DARBHANGA,IN,,,26.167,85.9,49.0,19440101,20250824,423910,99999,42391099999
423930,99999,SUPAUL,IN,,,26.133,86.583,50.0,20010905,20250824,423930,99999,42393099999
423950,99999,FORBESGANJ,IN,,,26.3,87.267,61.0,19730101,20250824,423950,99999,42395099999
423980,99999,BAGDOGRA,IN,,VEBD,26.681,88.329,125.6,19570618,20250824,423980,99999,42398099999
423990,99999,JALPAIGURI,IN,,,26.533,88.717,83.0,19440101,20250824,423990,99999,42399099999
424030,99999,COOCH BEHAR,IN,,,26.333,89.467,43.0,19430220,20250824,424030,99999,42403099999
424040,99999,DHUBRI,IN,,,26.017,89.983,36.0,19440101,20250824,424040,99999,42404099999
424070,99999,GOALPARA,IN,,,26.183,90.633,38.0,19730102,20250824,424070,99999,42407099999
424080,99999,RANGIA,IN,,,26.433,91.617,60.0,20151207,20250824,424080,99999,42408099999
424100,99999,GUWAHATI INTL / LOKPRIYA GOPINATH BORDOLOI INTL,IN,,VEGT,26.106,91.586,49.4,19440102,20250824,424100,99999,42410099999
424130,99999,MAJBAT,IN,,,26.75,92.35,120.0,20011009,20250824,424130,99999,42413099999
424140,99999,CHAPARMUKH,IN,,,26.2,92.517,66.0,19730103,20250824,424140,99999,42414099999
424150,99999,TEZPUR,IN,,,26.617,92.783,79.0,19440101,20250824,424150,99999,42415099999
424200,99999,GOLAGHAT,IN,,,26.517,93.983,95.0,19740806,20250824,424200,99999,42420099999
424230,99999,JORHAT,IN,,,26.067,90.167,880.0,19430414,20250824,424230,99999,42423099999
424231,99999,JORHAT,IN,,VEJT,26.732,94.176,94.8,20160807,20250716,424231,99999,42423199999
424350,99999,BARMER,IN,,,25.75,71.383,194.0,19440101,20250824,424350,99999,42435099999
424410,99999,ERINPURA /JAWAI DAM SITE,IN,,,25.083,73.083,295.0,19450801,20250823,424410,99999,42441099999
424470,99999,BHILWARA,IN,,,25.35,74.633,425.0,20020917,20250824,424470,99999,42447099999
424520,99999,KOTA,IN,,VIKO,25.16,75.846,273.1,19730101,20250824,424520,99999,42452099999
424560,99999,SHEOPUR,IN,,,25.667,76.683,235.0,19730101,20250824,424560,99999,42456099999
424590,99999,SHIVPURI,IN,,,25.333,77.65,464.0,20020528,20250824,424590,99999,42459099999
424600,99999,DATIA,IN,,,25.667,78.467,229.0,20020417,20250824,424600,99999,42460099999
424630,99999,JHANSI,IN,,VIJN,25.491,78.558,244.1,19440101,20250824,424630,99999,42463099999
424670,99999,NOWGONG,IN,,,25.067,79.45,229.0,19440101,20250824,424670,99999,42467099999
424680,99999,ORAI,IN,,,25.983,79.5,141.0,20040508,20250824,424680,99999,42468099999
424690,99999,HAMIRPUR,IN,,,25.95,80.15,109.0,20090205,20250824,424690,99999,42469099999
424710,99999,FATEHPUR,IN,,,25.933,80.833,114.0,19730101,20250421,424710,99999,42471099999
424730,99999,BANDA,IN,,,25.467,80.367,121.0,20040902,20250824,424730,99999,42473099999
424750,99999,ALLAHABAD ARPT,IN,,VEAB,25.44,81.734,98.2,19420727,20250716,424750,99999,42475099999
424790,99999,LAL BAHADUR SHASTRI VARANASI INTL,IN,,VEBN,25.45,82.867,81.1,19730101,20250824,424790,99999,42479099999
424820,99999,GHAZIPUR,IN,,,25.4,83.55,67.0,20010718,20250824,424820,99999,42482099999
424830,99999,VARANASI,IN,,,25.3,83.017,90.0,19440101,20250824,424830,99999,42483099999
424880,99999,CHAPRA,IN,,,25.783,84.733,58.0,20051019,20250824,424880,99999,42488099999
424920,99999,JAI PRAKASH NARAYAN INTL PATNA,IN,,VEPT,25.591,85.088,51.8,19440101,20250824,424920,99999,42492099999
424980,99999,BHAGALPUR,IN,,,25.233,86.95,49.0,19570102,20250824,424980,99999,42498099999
424990,99999,SABAUR,IN,,,25.233,87.067,37.0,20020614,20240910,424990,99999,42499099999
425000,99999,PURNEA,IN,,,25.267,87.467,38.0,19440101,20250824,425000,99999,42500099999
425030,99999,MALDA,IN,,,25.033,88.133,31.0,19730101,20250824,425030,99999,42503099999
425060,99999,BALURGHAT,IN,,,25.217,88.783,26.0,20151207,20250824,425060,99999,42506099999
425120,99999,SHILLONG ARPT / UMROI ARPT / BARAPANI,IN,,VEBI,25.7,91.983,891.2,20151208,20250824,425120,99999,42512099999
425150,99999,CHERRAPUNJI,IN,,,25.25,91.733,1313.0,19440101,20250824,425150,99999,42515099999
425160,99999,SHILLONG,IN,,,25.567,91.883,1598.0,19440101,20250824,425160,99999,42516099999
425220,99999,HAFLONG,IN,,,25.167,93.017,682.0,20151207,20250824,425220,99999,42522099999
425230,99999,LUMDING,IN,,,25.75,93.183,149.0,19730101,20250824,425230,99999,42523099999
425270,99999,KOHIMA,IN,,,25.633,94.167,1406.0,19770923,20250824,425270,99999,42527099999
425390,99999,DEESA,IN,,,24.2,72.2,136.0,19440101,20250824,425390,99999,42539099999
425400,99999,MOUNT ABU,IN,,,24.6,72.717,1195.0,19440101,20250701,425400,99999,42540099999
425420,99999,UDAIPUR / MAHARANA PRATAP,IN,,VAUD,24.618,73.896,513.3,19750811,20250824,425420,99999,42542099999
425460,99999,CHITTORGARH,IN,,,24.883,74.633,404.0,20090205,20250824,425460,99999,42546099999
425570,99999,RAJGARH,IN,,,24.0,76.717,382.0,20090205,20250824,425570,99999,42557099999
425590,99999,GUNA,IN,,,24.65,77.317,478.0,19440101,20250824,425590,99999,42559099999
425620,99999,TIKAMGARH,IN,,,24.767,78.833,345.0,20060328,20250824,425620,99999,42562099999
425670,99999,KHAJURAHO,IN,,,24.983,79.917,217.0,20020623,20250824,425670,99999,42567099999
425700,99999,PANNA,IN,,,24.717,80.167,354.0,20010726,20250324,425700,99999,42570099999
425710,99999,SATNA,IN,,VIST,24.567,80.833,317.0,19440101,20250824,425710,99999,42571099999
425740,99999,REWA,IN,,,24.533,81.3,299.0,20090205,20250824,425740,99999,42574099999
425770,99999,SIDHI,IN,,,24.417,81.867,272.0,19730101,20250824,425770,99999,42577099999
425870,99999,DALTONGANJ,IN,,,24.05,84.067,221.0,19440101,20250824,425870,99999,42587099999
425880,99999,DEHRI,IN,,,24.917,84.183,107.0,19730101,20250824,425880,99999,42588099999
425910,99999,GAYA,IN,,VEGY,24.744,84.951,115.8,19421122,20250824,425910,99999,42591099999
425990,99999,DUMKA,IN,,,24.267,87.25,149.0,19440102,20241216,425990,99999,42599099999
426030,99999,BERHAMPORE,IN,,,24.133,88.267,19.0,19440101,20250824,426030,99999,42603099999
426180,99999,KAILASHAHAR,IN,,,24.317,92.0,30.0,19450119,20250824,426180,99999,42618099999
426190,99999,SILCHAR,IN,,,24.75,92.8,29.0,19440101,20250824,426190,99999,42619099999
426230,99999,IMPHAL,IN,,VEIM,24.76,93.897,774.2,19441202,20250824,426230,99999,42623099999
426310,99999,NALIYA,IN,,,23.25,68.85,21.0,19730101,20250824,426310,99999,42631099999
426340,99999,BHUJ,IN,,VABJ,23.288,69.67,81.7,19440101,20250824,426340,99999,42634099999
426380,99999,KANDLA AERODROME,IN,,,23.15,70.117,29.0,20041007,20250824,426380,99999,42638099999
426390,99999,NEW KANDLA,IN,,,23.0,70.217,14.0,20090205,20250824,426390,99999,42639099999
426470,99999,AHMEDABAD / SARDAR VALLABHBHAI PATEL INTL,IN,,VAAH,23.077,72.635,57.6,19440101,20250824,426470,99999,42647099999
426540,99999,GANDHINAGAR,IN,,,23.233,72.717,82.0,20151207,20250824,426540,99999,42654099999
426610,99999,RATLAM,IN,,,23.317,75.05,486.0,19730101,20250824,426610,99999,42661099999
426620,99999,UJJAIN,IN,,,23.183,75.783,489.0,20020615,20250824,426620,99999,42662099999
426670,99999,BHOPAL / RAJA BHOJ,IN,,VABP,23.287,77.337,524.0,19440101,20250824,426670,99999,42667099999
426710,99999,SAGAR,IN,,,23.85,78.75,551.0,19440101,20250824,426710,99999,42671099999
426720,99999,RAISEN,IN,,,23.317,77.833,440.0,19840225,20250824,426720,99999,42672099999
426740,99999,DAMOH,IN,,,23.833,79.45,371.0,20040603,20250824,426740,99999,42674099999
426750,99999,JABALPUR,IN,,VAJB,23.178,80.052,495.0,19440101,20250824,426750,99999,42675099999
426790,99999,UMARIA,IN,,,23.533,80.883,459.0,19730101,20250824,426790,99999,42679099999
426930,99999,AMBIKAPUR,IN,,,23.167,83.25,611.0,19730101,20250824,426930,99999,42693099999
427010,99999,BIRSA MUNDA,IN,,VERC,23.314,85.322,654.7,19440101,20250824,427010,99999,42701099999
427050,99999,PURULIA,IN,,,23.333,86.417,255.0,19440325,20250824,427050,99999,42705099999
427051,99999,KULLU MANALI,IN,,VIBR,31.877,77.154,1089.1,20040707,20250816,427051,99999,42705199999
427052,99999,CHANDIGARH,IN,,VICG,30.673,76.789,308.5,20060812,20250716,427052,99999,42705299999
427053,99999,LEH,IN,,VILH,34.136,77.547,3255.9,20060905,20250824,427053,99999,42705399999
427055,99999,CALICUT,IN,,VOCL,11.137,75.955,104.2,20100125,20250824,427055,99999,42705599999
427056,99999,BANGALURU INTL AIRPORT / KEMPEGOWDA INTL,IN,,VOBL,13.2,77.7,915.0,20080721,20250824,427056,99999,42705699999
427060,99999,BANKURA,IN,,,23.383,87.083,100.0,20050225,20250824,427060,99999,42706099999
427080,99999,SHANTI NIKETAN,IN,,,23.65,87.7,59.0,20010913,20250824,427080,99999,42708099999
427090,99999,BURDWAN,IN,,,23.233,87.85,30.0,19440101,20250824,427090,99999,42709099999
427110,99999,KRISHNANAGAR,IN,,,23.4,88.517,15.0,19950425,20250824,427110,99999,42711099999
427140,99999,BAGATI,IN,,,22.983,88.367,12.0,19801206,20250824,427140,99999,42714099999
427150,99999,MALANJKHAND,IN,,,22.0,80.7,581.0,20011121,20250824,427150,99999,42715099999
427240,99999,AGARTALA,IN,,VEAT,23.887,91.24,14.0,19450110,20250824,427240,99999,42724099999
427260,99999,LENGPUI,IN,,VELP,23.841,92.62,426.1,20100719,20250824,427260,99999,42726099999
427300,99999,OKHA,IN,,,22.483,69.117,7.0,20011014,20250824,427300,99999,42730099999
427310,99999,DWARKA,IN,,,22.367,69.083,11.0,19440101,20250824,427310,99999,42731099999
427370,99999,RAJKOT,IN,,VARK,22.309,70.78,134.4,19440101,20250824,427370,99999,42737099999
427400,99999,SURENDRANAGAR,IN,,,22.733,71.6,74.0,19730101,20250824,427400,99999,42740099999
427440,99999,VALLABH VIDYANAGAR,IN,,,22.567,72.933,44.0,19831001,20250824,427440,99999,42744099999
427520,99999,DHAR,IN,,,22.6,75.3,583.0,19740724,20250627,427520,99999,42752099999
427540,99999,DEVI AHILYABAI HOLKAR,IN,,VAID,22.722,75.801,563.9,19440101,20250824,427540,99999,42754099999
427630,99999,HOSHANGABAD,IN,,,22.767,77.767,302.0,19440101,20250824,427630,99999,42763099999
427670,99999,PACHMARHI,IN,,,22.467,78.433,1075.0,19440101,20250824,427670,99999,42767099999
427680,99999,CHHINDWARA,IN,,,22.1,79.0,685.0,20020814,20250824,427680,99999,42768099999
427700,99999,NARSINGHPUR,IN,,,22.95,79.183,356.0,20010709,20250824,427700,99999,42770099999
427710,99999,SEONI,IN,,,22.083,79.55,619.0,19440101,20250824,427710,99999,42771099999
427760,99999,MANDLA,IN,,,22.583,80.367,443.0,20070520,20250824,427760,99999,42776099999
427790,99999,PENDRA ROAD,IN,,,22.767,81.9,625.0,19440101,20250824,427790,99999,42779099999
427820,99999,BILASPUR,IN,,VABI,21.988,82.111,274.0,20110724,20250824,427820,99999,42782099999
427920,99999,SUNDARGARH,IN,,,22.117,84.033,240.0,20020620,20250824,427920,99999,42792099999
427930,99999,ROURKELA,IN,,,22.217,84.883,196.0,20170815,20250824,427930,99999,42793099999
427950,99999,CHAIBASA,IN,,,22.55,85.817,226.0,19440101,20250824,427950,99999,42795099999
427980,99999,JAMSHEDPUR,IN,,VEJS,22.813,86.169,153.9,19730101,20250824,427980,99999,42798099999
427990,99999,JAMSHEDPUR,IN,,,22.817,86.183,129.0,19450801,20250824,427990,99999,42799099999
428030,99999,MIDNAPORE,IN,,,22.417,87.317,45.0,19730101,20250824,428030,99999,42803099999
428050,99999,ULUBERIA,IN,,,22.5,87.95,5.0,19810506,20250824,428050,99999,42805099999
428070,99999,BEHALA,IN,,VEBA,22.505,88.293,2.4,19440331,20250824,428070,99999,42807099999
428090,99999,NETAJI SUBHASH CHANDRA BOSE INTL,IN,,VECC,22.655,88.447,4.9,19430831,20250824,428090,99999,42809099999
428110,99999,DIAMOND HARBOUR,IN,,,22.183,88.2,7.0,20011015,20250824,428110,99999,42811099999
428120,99999,CANNING,IN,,,22.25,88.667,4.0,20090205,20250824,428120,99999,42812099999
428300,99999,PORBANDAR,IN,,,21.65,69.667,5.0,19730101,20250824,428300,99999,42830099999
428320,99999,KESHOD,IN,,,21.317,70.317,50.0,20010916,20250824,428320,99999,42832099999
428340,99999,AMRELI,IN,,,21.6,71.217,115.0,19740517,20250824,428340,99999,42834099999
428370,99999,MAHUVA,IN,,,21.083,71.783,9.0,20010711,20250824,428370,99999,42837099999
428380,99999,BHAUNAGAR,IN,,,21.75,72.2,5.0,19730102,20250824,428380,99999,42838099999
428400,99999,SURAT,IN,,,21.2,72.833,12.0,19440101,20250824,428400,99999,42840099999
428460,99999,NANDURBAR,IN,,,21.333,74.25,206.0,20160321,20250824,428460,99999,42846099999
428490,99999,KHARGONE,IN,,,21.817,75.617,251.0,20090205,20250824,428490,99999,42849099999
428510,99999,JALGAON,IN,,,21.05,75.567,201.0,19440101,20250824,428510,99999,42851099999
428550,99999,KHANDWA,IN,,VAKD,21.833,76.367,318.0,19440101,20250824,428550,99999,42855099999
428600,99999,BETUL,IN,,,21.867,77.933,653.0,19730101,20250824,428600,99999,42860099999
428660,99999,NAGPUR (MAYO HOSPITAL),IN,,,21.15,79.117,311.0,19860516,20250405,428660,99999,42866099999
428670,99999,DR BABA SAHEB AMBEDKAR INTL,IN,,VANP,21.092,79.047,314.9,19440101,20250824,428670,99999,42867099999
428710,99999,GONDIA ARPT/BIRSI,IN,,VAGD,21.524,80.288,300.8,19730101,20250824,428710,99999,42871099999
428720,99999,MANA,IN,,,21.233,81.65,313.0,20151207,20250824,428720,99999,42872099999
428740,99999,PBO RAIPUR,IN,,,21.233,81.65,298.0,19960701,20250824,428740,99999,42874099999
428750,99999,SWAMI VIVEKANANDA,IN,,VERP,21.183,81.733,317.6,19440101,20250824,428750,99999,42875099999
428760,99999,DURG,IN,,,21.183,81.283,293.0,20020315,20250824,428760,99999,42876099999
428830,99999,SAMBALPUR,IN,,,21.467,83.967,148.0,19440101,20250824,428830,99999,42883099999
428860,99999,JHARSUGUDA / VEER SURENDRA SAI,IN,,VEJH,21.914,84.05,228.9,19570102,20250824,428860,99999,42886099999
428910,99999,KEONGJHARGARH,IN,,,21.617,85.517,463.0,20010917,20250824,428910,99999,42891099999
428940,99999,BARIPADA,IN,,,21.933,86.767,54.0,20090205,20250824,428940,99999,42894099999
428950,99999,BALASORE,IN,,,21.517,86.933,20.0,19440101,20250824,428950,99999,42895099999
429000,99999,CONTAI,IN,,,21.783,87.75,11.0,20020314,20250824,429000,99999,42900099999
429010,99999,DIGHA,IN,,,21.617,87.5,6.0,20090204,20250824,429010,99999,42901099999
429030,99999,SAGAR ISLAND,IN,,,21.65,88.05,3.0,19440101,20250824,429030,99999,42903099999
429090,99999,VERAVAL,IN,,,20.9,70.367,8.0,19440101,20250824,429090,99999,42909099999
429140,99999,DIU APRT,IN,,VADU,20.715,70.922,9.1,20151207,20250824,429140,99999,42914099999
429150,99999,BULSAR,IN,,,20.617,72.933,15.0,20090205,20240918,429150,99999,42915099999
429160,99999,DAMAN,IN,,,20.417,72.85,12.0,19780110,20250824,429160,99999,42916099999
429200,99999,OZAR AIR FORCE STATION /NASHIK ARPT,IN,,VAOZ,20.119,73.914,598.0,19890430,20250824,429200,99999,42920099999
429210,99999,NASIK CITY,IN,,,19.967,73.817,598.0,20060202,20250824,429210,99999,42921099999
429250,99999,MALEGAON,IN,,,20.55,74.533,437.0,19440101,20250824,429250,99999,42925099999
429310,99999,BULDANA,IN,,,20.533,76.233,650.0,19730101,20250824,429310,99999,42931099999
429330,99999,AKOLA,IN,,,20.7,77.033,282.0,19440101,20250824,429330,99999,42933099999
429340,99999,AKOLA,IN,,VAAK,20.699,77.059,304.5,19730101,20241109,429340,99999,42934099999
429350,99999,WASHIM,IN,,,20.117,77.117,565.0,20090205,20250824,429350,99999,42935099999
429370,99999,AMRAOTI,IN,,,20.933,77.783,370.0,19440101,20250824,429370,99999,42937099999
429390,99999,WARDHA,IN,,,20.667,78.583,283.0,20070520,20250824,429390,99999,42939099999
429430,99999,YEOTMAL,IN,,,20.4,78.15,451.0,19730101,20250824,429430,99999,42943099999
429460,99999,BRAMHAPURI,IN,,,20.6,79.85,229.0,19831018,20250824,429460,99999,42946099999
429480,99999,RAJNANDGAON,IN,,,21.1,81.033,329.0,20151208,20250824,429480,99999,42948099999
429610,99999,TITLAGARH,IN,,,20.3,83.3,211.0,19730101,20250824,429610,99999,42961099999
429660,99999,PHULBANI,IN,,,20.483,84.267,489.0,20010707,20250813,429660,99999,42966099999
429690,99999,ANGUL,IN,,,20.833,85.1,139.0,19730101,20250824,429690,99999,42969099999
429700,99999,CUTTACK,IN,,,20.467,85.933,27.0,19440101,20250824,429700,99999,42970099999
429710,99999,BHUBANESHWAR / BIJU PATNAIK INTL,IN,,VEBS,20.244,85.818,42.1,19570102,20250824,429710,99999,42971099999
429730,99999,CHANDBALI,IN,,,20.783,86.733,6.0,19440101,20250824,429730,99999,42973099999
429760,99999,PARADIP (C.W.R.),IN,,,20.3,86.683,8.0,20020521,20250824,429760,99999,42976099999
430010,99999,DAHANU,IN,,,19.967,72.717,5.0,19440101,20250824,430010,99999,43001099999
430030,99999,CHHATRAPATI SHIVAJI MAHARAJ INTL,IN,,VABB,19.089,72.868,11.3,19440101,20250824,430030,99999,43003099999
430050,99999,T B I A,IN,,,19.15,72.0,12.0,20170418,20250824,430050,99999,43005099999
430090,99999,AHMADNAGAR,IN,,,19.083,74.8,657.0,19440101,20250824,430090,99999,43009099999
430110,99999,BIR,IN,,,19.0,75.717,519.0,20020317,20250824,430110,99999,43011099999
430140,99999,AURANGABAD,IN,,VAAU,19.863,75.398,582.5,19730101,20250824,430140,99999,43014099999
430170,99999,PARBHANI,IN,,,19.133,76.833,422.0,19440101,20250824,430170,99999,43017099999
430210,99999,NANDED,IN,,,19.083,77.333,358.0,20151207,20250824,430210,99999,43021099999
430250,99999,ADILABAD,IN,,,19.65,78.533,269.0,19851202,20250824,430250,99999,43025099999
430290,99999,CHANDRAPUR,IN,,,19.967,79.3,193.0,19440101,20250824,430290,99999,43029099999
430410,99999,JAGDALPUR,IN,,,19.083,82.033,553.0,19440101,20250824,430410,99999,43041099999
430420,99999,BHAWANIPATNA,IN,,,19.917,83.183,261.0,19810103,20250824,430420,99999,43042099999
430490,99999,GOPALPUR,IN,,,19.267,84.883,17.0,19440101,20250824,430490,99999,43049099999
430530,99999,PURI,IN,,,19.8,85.817,6.0,19730101,20250824,430530,99999,43053099999
430570,99999,BOMBAY / COLABA,IN,,,18.9,72.817,11.0,20041228,20250824,430570,99999,43057099999
430580,99999,ALIBAG,IN,,,18.633,72.867,7.0,20020509,20250822,430580,99999,43058099999
430600,99999,MATHERAN,IN,,,18.983,73.283,695.0,20170604,20250824,430600,99999,43060099999
430630,99999,PUNE,IN,,,18.533,73.85,558.0,19440101,20250824,430630,99999,43063099999
430670,99999,PASHAN CTI,IN,,,18.533,73.85,560.0,20180724,20250823,430670,99999,43067099999
430690,99999,BARAMATI,IN,,,18.15,74.583,551.0,19840213,20250824,430690,99999,43069099999
430710,99999,JEUR,IN,,,18.2,75.2,521.0,20151208,20250824,430710,99999,43071099999
430760,99999,UDGIR,IN,,,18.067,77.117,639.0,20151208,20250824,430760,99999,43076099999
430810,99999,NIZAMABAD,IN,,,18.667,78.1,381.0,19440101,20250824,430810,99999,43081099999
430830,99999,MEDAK,IN,,,18.05,78.267,472.0,19870905,20250824,430830,99999,43083099999
430860,99999,RAMGUNDAM,IN,,,18.767,79.433,156.0,19730101,20250824,430860,99999,43086099999
430870,99999,HANAMKONDA,IN,,,18.017,79.567,269.0,19440101,20250824,430870,99999,43087099999
430930,99999,BAILADILA,IN,,,18.583,81.233,1144.0,19890521,20250212,430930,99999,43093099999
430970,99999,KORAPUT,IN,,,18.817,82.717,913.0,19730113,20250824,430970,99999,43097099999
431050,99999,KALINGAPATAM,IN,,,18.333,84.133,6.0,19440101,20250824,431050,99999,43105099999
431090,99999,HARNAI,IN,,,17.817,73.1,20.0,19440101,20250824,431090,99999,43109099999
431100,99999,RATNAGIRI,IN,,,16.983,73.333,67.0,19440101,20250824,431100,99999,43110099999
431110,99999,MAHABALESHWAR,IN,,,17.933,73.667,1382.0,19440101,20250824,431110,99999,43111099999
431130,99999,SATARA,IN,,,17.517,74.05,612.0,20020727,20250824,431130,99999,43113099999
431170,99999,SOLAPUR,IN,,VASL,17.628,75.935,482.8,19440101,20250824,431170,99999,43117099999
431210,99999,GULBARGA,IN,,,17.35,76.85,458.0,19440101,20250824,431210,99999,43121099999
431250,99999,BIDAR,IN,,VOBR,17.917,77.533,663.0,19440701,20250824,431250,99999,43125099999
431280,99999,BEGUMPET AIRPORT / HYDERABAD INTL,IN,,VOHY,17.452,78.461,531.0,19440101,20250824,431280,99999,43128099999
431285,99999,HYDERABAD INTL AIRPORT / RAJIV GANDHI INTL,IN,,VOHS,17.233,78.417,617.0,20080721,20250824,431285,99999,43128599999
431330,99999,NALGONDA,IN,,,17.0,79.25,227.0,19771019,20250824,431330,99999,43133099999
431360,99999,BHADRACHALAM,IN,,,17.667,80.883,54.0,19730104,20250824,431360,99999,43136099999
431370,99999,KHAMMAM,IN,,,17.25,80.15,112.0,19440101,20250824,431370,99999,43137099999
431470,99999,TUNI,IN,,,17.35,82.55,35.0,20090204,20250824,431470,99999,43147099999
431490,99999,VISHAKHAPATNAM CTLZ,IN,,VOVZ,17.717,83.217,4.6,19540101,20250824,431490,99999,43149099999
431500,99999,CWC VISHAKHAPATNAM/WALTAIR,IN,,,17.7,83.3,66.0,19440101,20250824,431500,99999,43150099999
431570,99999,KOLHAPUR,IN,,VAKP,16.665,74.289,608.4,19730101,20250824,431570,99999,43157099999
431580,99999,SANGLI,IN,,,16.85,74.6,549.0,19750906,20250824,431580,99999,43158099999
431610,99999,BIJAPUR,IN,,,16.817,75.717,594.0,19440101,20250824,431610,99999,43161099999
431680,99999,MAHABUBNAGAR,IN,,,16.75,78.0,505.0,20090205,20250824,431680,99999,43168099999
431690,99999,RAICHUR,IN,,,16.2,77.35,400.0,19440101,20250824,431690,99999,43169099999
431770,99999,RENTACHINTALA,IN,,,16.55,79.55,106.0,19440101,20250823,431770,99999,43177099999
431810,99999,VIJAYAWADA,IN,,VOBZ,16.53,80.797,25.0,19730103,20250824,431810,99999,43181099999
431820,99999,NANDIGAMA,IN,,,16.783,80.283,51.0,20090205,20250824,431820,99999,43182099999
431840,99999,NIDADAVOLE,IN,,,16.833,81.583,13.0,20011125,20250413,431840,99999,43184099999
431850,99999,MACHILIPATNAM/FRANCHPET,IN,,,16.2,81.15,3.0,19540101,20250824,431850,99999,43185099999
431870,99999,NARSAPUR,IN,,,16.433,81.7,4.0,20040528,20250824,431870,99999,43187099999
431890,99999,KAKINADA,IN,,,16.95,82.233,8.0,19440101,20250824,431890,99999,43189099999
431920,99999,GOA/PANJIM,IN,,,15.483,73.817,58.4,19730101,20250824,431920,99999,43192099999
431930,99999,VENGURLA,IN,,,15.867,73.633,16.0,19561031,20241230,431930,99999,43193099999
431940,99999,GOA INTL,IN,,VOGO,15.381,73.831,56.1,19730101,20250824,431940,99999,43194099999
431960,99999,MORMUGAO,IN,,,15.417,73.783,62.0,19440101,20250823,431960,99999,43196099999
431970,99999,BELGAUM,IN,,,15.85,74.533,753.0,19440101,20250625,431970,99999,43197099999
431971,99999,BELGAUM AIRPORT / BELAGAVI,IN,,VOBM,15.85,74.617,747.0,20151207,20250824,431971,99999,43197199999
431980,99999,BELGAUM,IN,,VABM,15.859,74.618,758.0,19730101,20250824,431980,99999,43198099999
432000,99999,DHARWAD,IN,,,15.483,74.983,678.0,20151208,20250824,432000,99999,43200099999
432010,99999,GADAG,IN,,,15.417,75.633,650.0,19440101,20250824,432010,99999,43201099999
432011,99999,HUBLI / HUBBALLI,IN,,VOHB,15.35,75.083,661.3,20151110,20250824,432011,99999,43201199999
432070,99999,PARANGIPETTAI,IN,,,11.5,79.767,3.0,20151207,20250824,432070,99999,43207099999
432120,99999,NANDYAL,IN,,,15.467,78.483,212.0,20010825,20250824,432120,99999,43212099999
432130,99999,KURNOOL,IN,,,15.8,78.067,281.0,19440101,20250824,432130,99999,43213099999
432200,99999,BAPATLA,IN,,,15.9,80.467,6.0,19790416,20250824,432200,99999,43220099999
432210,99999,ONGOLE,IN,,,15.5,80.083,12.0,19730101,20250824,432210,99999,43221099999
432250,99999,KARWAR,IN,,,14.783,74.133,4.0,19730101,20250824,432250,99999,43225099999
432260,99999,HONAVAR,IN,,,14.283,74.45,9.0,19440101,20250824,432260,99999,43226099999
432270,99999,HAVERI,IN,,,14.783,75.4,573.0,20151208,20250824,432270,99999,43227099999
432290,99999,SHIRALI,IN,,,14.067,74.533,45.0,19771222,20250128,432290,99999,43229099999
432300,99999,DAVANGERE,IN,,,14.5,75.917,620.0,20151208,20250824,432300,99999,43230099999
432330,99999,CHITRADURGA,IN,,,14.233,76.433,733.0,19440101,20250824,432330,99999,43233099999
432370,99999,PBO ANANTAPUR,IN,,,14.583,77.633,364.0,19540101,20250824,432370,99999,43237099999
432410,99999,CUDDAPAH,IN,,,14.483,78.833,130.0,19440101,20250824,432410,99999,43241099999
432430,99999,KAVALI,IN,,,14.9,79.983,17.0,20040528,20250824,432430,99999,43243099999
432450,99999,NELLORE,IN,,,14.45,79.983,20.0,19440101,20250824,432450,99999,43245099999
432580,99999,SHIVAMOGGA,IN,,VOSH,13.858,75.62,630.6,20010904,20250824,432580,99999,43258099999
432600,99999,CHICKMAGALUR,IN,,,13.25,75.75,1057.0,20090205,20250602,432600,99999,43260099999
432630,99999,HASSAN,IN,,,12.967,76.333,955.0,20020522,20241019,432630,99999,43263099999
432660,99999,M.O. AGATHI AIRPORT,IN,,,10.85,72.467,3.0,20090205,20250824,432660,99999,43266099999
432710,99999,AROGYAVARAM,IN,,,13.533,78.5,701.0,19730101,20250824,432710,99999,43271099999
432720,99999,CHINTAMANI,IN,,,13.2,78.067,857.0,20151208,20250824,432720,99999,43272099999
432750,99999,TIRUPATHI,IN,,,13.667,79.583,105.0,19860108,20250824,432750,99999,43275099999
432770,99999,TIRUTTANI,IN,,,13.15,79.533,87.0,19780210,20250824,432770,99999,43277099999
432780,99999,NUMGAMBAKKAM,IN,,,13.067,80.2,7.0,19870110,20250824,432780,99999,43278099999
432790,99999,CHENNAI INTL,IN,,VOMM,12.994,80.181,15.8,19440101,20250824,432790,99999,43279099999
432840,99999,MANGALORE,IN,,VOML,12.961,74.89,102.7,19730101,20250824,432840,99999,43284099999
432850,99999,MANGALORE/PANAMBUR,IN,,,12.95,74.833,31.0,19740429,20250107,432850,99999,43285099999
432870,99999,MADIKERI,IN,,,12.417,75.733,1153.0,19440101,20250729,432870,99999,43287099999
432890,99999,MANDYA,IN,,,12.5,76.833,695.0,19811012,20250318,432890,99999,43289099999
432910,99999,MYSORE,IN,,,12.3,76.7,767.0,19440101,20250824,432910,99999,43291099999
432950,99999,BANGALORE,IN,,,12.967,77.583,921.0,19730101,20250824,432950,99999,43295099999
433010,99999,DHARMAPURI,IN,,,12.133,78.033,396.0,19771125,20250824,433010,99999,43301099999
433020,99999,TIRUPPATTUR,IN,,,12.483,78.567,385.0,20151212,20250824,433020,99999,43302099999
433025,99999,BANGALORE / HAL AIRPORT BENGALURU,IN,,VOBG,12.95,77.668,887.6,20050507,20250824,433025,99999,43302599999
433030,99999,VELLORE,IN,,VOVR,12.917,79.15,214.0,19440101,20250824,433030,99999,43303099999
433090,99999,MAYA BANDAR,IN,,,12.917,92.917,28.0,19730101,20250824,433090,99999,43309099999
433100,99999,LONG ISLAND,IN,,,12.417,92.933,25.0,20070520,20250824,433100,99999,43310099999
433110,99999,M.O. AMINI,IN,,,11.117,72.733,3.0,19730101,20250824,433110,99999,43311099999
433140,99999,KOZHIKODE,IN,,,11.25,75.783,5.0,19440101,20250824,433140,99999,43314099999
433150,99999,CANNUR,IN,,,11.833,75.333,18.0,19771015,20250824,433150,99999,43315099999
433160,99999,NILAMBUR,IN,,,11.283,76.233,31.0,19990225,20241028,433160,99999,43316099999
433170,99999,UDHAGAMANDALAM,IN,,,11.4,76.733,2249.0,19440101,20250824,433170,99999,43317099999
433180,99999,COONOOR,IN,,,11.35,76.8,1747.0,19860214,20250824,433180,99999,43318099999
433210,99999,COIMBATORE,IN,,VOCB,11.031,77.044,403.6,19730101,20250824,433210,99999,43321099999
433220,99999,CHAMARAJNAGAR,IN,,,11.933,76.933,760.0,20151208,20250802,433220,99999,43322099999
433240,99999,ARIYALUR,IN,,,11.167,79.0,747.0,19771101,20250823,433240,99999,43324099999
433250,99999,SALEM,IN,,,11.65,78.167,278.0,19440101,20250824,433250,99999,43325099999
433270,99999,KARAIKUDI,IN,,,10.067,78.8,92.0,19760323,20250522,433270,99999,43327099999
433290,99999,CUDDALORE,IN,,,11.767,79.767,12.0,19440101,20250824,433290,99999,43329099999
433300,99999,THANJAVUR,IN,,,10.783,79.133,68.0,19761009,20250824,433300,99999,43330099999
433310,99999,M.O. PONDICHERRY,IN,,,11.967,79.817,38.0,20090204,20250824,433310,99999,43331099999
433330,99999,PORT BLAIR,IN,,VEPB,11.667,92.717,79.0,19451101,20250824,433330,99999,43333099999
433340,99999,ANDROTH,IN,,,10.8,73.983,5.0,20020807,20250203,433340,99999,43334099999
433350,99999,PALAKKAD,IN,,,10.767,76.65,97.0,19440101,20250824,433350,99999,43335099999
433370,99999,KAVARATTI HELIPORT,IN,,VOKV,10.542,72.616,9.1,20160101,20250324,433370,99999,43337099999
433380,99999,ERODE,IN,,,11.483,77.767,172.0,20190623,20250824,433380,99999,43338099999
433390,99999,KODAIKANAL,IN,,,10.233,77.467,2343.0,19440101,20250824,433390,99999,43339099999
433400,99999,YERCAUD,IN,,,11.75,78.167,1463.0,20151207,20250824,433400,99999,43340099999
433410,99999,VALPARAI,IN,,,10.283,77.0,1041.0,20151207,20250824,433410,99999,43341099999
433420,99999,K. PARAMATHY,IN,,,10.95,78.083,181.0,19780731,20250824,433420,99999,43342099999
433430,99999,TIRUCHIRAPALLI TOWN,IN,,,10.767,78.717,88.0,20160205,20250104,433430,99999,43343099999
433440,99999,TIRUCHIRAPPALLI,IN,,VOTR,10.765,78.71,87.8,19440101,20250824,433440,99999,43344099999
433450,99999,KUDIMIAMALAI,IN,,,10.4,78.667,123.0,20151211,20241213,433450,99999,43345099999
433460,99999,KARAIKAL,IN,,,10.917,79.833,7.0,19990412,20250824,433460,99999,43346099999
433470,99999,NAGAPPATTINAM,IN,,,10.767,79.85,9.0,19440101,20250824,433470,99999,43347099999
433480,99999,ATIRAMAPATTINAM,IN,,,10.333,79.383,6.0,20030727,20250824,433480,99999,43348099999
433490,99999,VEDARANNIYAM,IN,,,10.367,79.85,4.0,19990908,20241112,433490,99999,43349099999
433510,99999,FORT COCHIN,IN,,,9.967,76.233,3.0,19540101,20250418,433510,99999,43351099999
433520,99999,ALAPUZHA,IN,,,9.55,76.417,4.0,19440701,20241029,433520,99999,43352099999
433530,99999,COCHIN,IN,,VOCC,9.946,76.272,2.4,19440101,20250824,433530,99999,43353099999
433540,99999,PUNALUR,IN,,,9.0,76.917,34.0,20020827,20250824,433540,99999,43354099999
433550,99999,KOTTAYAM,IN,,,9.533,76.6,78.0,20010707,20250824,433550,99999,43355099999
433560,99999,PERIAKULAM,IN,,,10.0,77.133,300.0,20151207,20250824,433560,99999,43356099999
433570,99999,THRISSUR,IN,,,10.517,76.217,39.0,20151207,20250824,433570,99999,43357099999
433590,99999,MADURAI,IN,,,9.917,78.117,133.0,19730101,20250824,433590,99999,43359099999
433600,99999,MADURAI,IN,,VOMD,9.835,78.093,139.9,19440101,20250824,433600,99999,43360099999
433610,99999,TONDI,IN,,,9.733,79.033,5.0,20030727,20250824,433610,99999,43361099999
433630,99999,PAMBAN,IN,,,9.283,79.217,11.0,19440101,20250824,433630,99999,43363099999
433640,99999,HUT BAY,IN,,,10.583,92.55,5.0,20020604,20250824,433640,99999,43364099999
433670,99999,CAR NICOBAR,IN,,,9.167,92.833,10.0,19730101,20250824,433670,99999,43367099999
433680,99999,CAR NICOBAR(IN-AFB),IN,,VECX,9.15,92.817,14.0,19730101,20250716,433680,99999,43368099999
433690,99999,MINICOY,IN,,,8.3,73.15,2.0,19440101,20250824,433690,99999,43369099999
433710,99999,THIRUVANANTHAPURAM,IN,,,8.483,76.95,64.0,19440101,20250824,433710,99999,43371099999
433720,99999,THIRUVANANTHAPURAM INTL,IN,,VOTV,8.482,76.92,4.6,19960201,20250824,433720,99999,43372099999
433760,99999,PALAYANKOTTAI,IN,,,8.733,77.75,51.0,19730101,20250823,433760,99999,43376099999
433770,99999,KANNIYAKUMARI,IN,,,8.083,77.5,37.0,19800710,20250824,433770,99999,43377099999
433790,99999,TUTICORIN NEW PORT,IN,,,8.75,78.183,2.0,20090205,20250822,433790,99999,43379099999
433820,99999,NANCOWRY,IN,,,7.983,93.533,26.0,19730101,20250824,433820,99999,43382099999
433990,99999,PARO,BT,,VQPR,27.403,89.425,2234.8,20101206,20250824,433990,99999,43399099999
434040,99999,JAFFNA,CE,,,9.65,80.017,3.0,20010820,20250824,434040,99999,43404099999
434100,99999,MULLAITTIVU,CE,,,9.267,80.817,2.0,19840105,20250824,434100,99999,43410099999
434130,99999,MANNAR,CE,,,8.983,79.917,3.0,19570701,20250824,434130,99999,43413099999
434150,99999,VAVUNIYA,CE,,,8.75,80.5,98.0,20020326,20250824,434150,99999,43415099999
434180,99999,CHINA BAY,CE,,VCCT,8.539,81.182,1.8,19450801,20250824,434180,99999,43418099999
434210,99999,ANURADHAPURA,CE,,VCCA,8.301,80.428,98.8,19620101,20250824,434210,99999,43421099999
434220,99999,MAHA ILLUPPALLAMA,CE,,,8.117,80.467,117.0,19990909,20250824,434220,99999,43422099999
434240,99999,PUTTALAM,CE,,,8.033,79.833,2.0,19590112,20250824,434240,99999,43424099999
434360,99999,BATTICALOA,CE,,VCCB,7.706,81.679,6.1,19570701,20250824,434360,99999,43436099999
434410,99999,KURUNEGALA,CE,,,7.467,80.367,116.0,20030112,20250824,434410,99999,43441099999
434440,99999,KANDY,CE,,,7.333,80.633,477.0,20030111,20250824,434440,99999,43444099999
434500,99999,BANDARANAIKE INTL COLOMBO,CE,,VCBI,7.181,79.866,8.8,19620101,20250824,434500,99999,43450099999
434660,99999,COLOMBO,CE,,,6.9,79.867,7.0,19440101,20250824,434660,99999,43466099999
434670,99999,COLOMBO RATMALANA,CE,,VCCC,6.822,79.886,6.7,19440513,20250824,434670,99999,43467099999
434730,99999,NUWARA ELIYA,CE,,,6.967,80.767,1880.0,19570701,20250824,434730,99999,43473099999
434750,99999,POTTUVIL,CE,,,6.883,81.833,8.0,20070619,20250824,434750,99999,43475099999
434760,99999,DIYATALAWA,CE,,,6.817,80.967,1250.0,20050714,20250824,434760,99999,43476099999
434790,99999,BADULLA,CE,,,6.983,81.05,667.0,20030112,20250824,434790,99999,43479099999
434860,99999,RATNAPURA,CE,,,6.683,80.4,88.0,20020116,20250824,434860,99999,43486099999
434950,99999,GALLE,CE,,,6.033,80.217,13.0,20020116,20250824,434950,99999,43495099999
434970,99999,HAMBANTOTA,CE,,VCRI,6.117,81.133,20.0,19450801,20250824,434970,99999,43497099999
435330,99999,HANIMAADHOO,MV,,,6.733,73.167,2.0,19930501,20250824,435330,99999,43533099999
444040,99999,DADELDHURA,NP,,,29.3,80.583,1848.0,19780301,20250824,444040,99999,44404099999
444060,99999,DIPAYAL,NP,,,29.25,80.95,617.0,20051012,20250824,444060,99999,44406099999
444090,99999,DHANGADHI (ATARIYA),NP,,,28.8,80.55,187.0,20051012,20250824,444090,99999,44409099999
444160,99999,SURKHET,NP,,VNSK,28.6,81.617,720.0,19761101,20250824,444160,99999,44416099999
444180,99999,NEPALGUNJ AIRPORT,NP,,,28.1,81.667,165.0,20051012,20250824,444180,99999,44418099999
444240,99999,JUMLA,NP,,VNJL,29.283,82.167,2300.0,19750913,20250824,444240,99999,44424099999
444290,99999,DANG,NP,,,28.05,82.5,634.0,20051012,20250824,444290,99999,44429099999
444340,99999,POKHARA,NP,,VNPK,28.201,83.981,826.6,19770207,20250824,444340,99999,44434099999
444380,99999,BHAIRAHAWA / GAUTAM BUDDHA,NP,,VNBW,27.506,83.416,109.1,19770302,20250824,444380,99999,44438099999
444490,99999,SIMARA,NP,,VNSI,27.159,84.98,137.2,19740110,20250824,444490,99999,44449099999
444540,99999,TRIBHUVAN INTL,NP,,VNKT,27.697,85.359,1338.1,19730521,20250824,444540,99999,44454099999
444620,99999,OKHALDHUNGA,NP,,,27.3,86.5,1720.0,19761101,20250824,444620,99999,44462099999
444740,99999,TAPLEJUNG,NP,,VNTJ,27.35,87.667,1732.0,19780701,20250824,444740,99999,44474099999
444770,99999,DHANKUTA,NP,,,26.983,87.35,1210.0,19761101,20250824,444770,99999,44477099999
444780,99999,BIRATNAGAR,NP,,VNVT,26.481,87.264,71.9,19770208,20250824,444780,99999,44478099999
480010,99999,PUTAO,BM,,VBPT,27.333,97.417,409.0,19430301,20250824,480010,99999,48001099999
480040,99999,HKAMTI,BM,,,26.0,95.7,146.0,19820306,20250824,480040,99999,48004099999
480080,99999,MYITKYINA,BM,,VBMK,25.367,97.4,147.0,19440713,20250824,480080,99999,48008099999
480100,99999,HOMALIN,BM,,VBHL,24.867,94.917,131.0,19730101,20250824,480100,99999,48010099999
480180,99999,KATHA,BM,,,24.167,96.333,95.0,19550701,20250824,480180,99999,48018099999
480190,99999,BHAMO,BM,,VBBM,24.267,97.2,113.0,19450208,20241203,480190,99999,48019099999
480200,99999,MAWLAIK,BM,,,23.633,94.417,116.0,19830508,20250824,480200,99999,48020099999
480250,99999,KALEWA,BM,,,23.2,94.3,109.0,19730101,20250824,480250,99999,48025099999
480300,99999,HAKHA,BM,,,22.65,93.633,1866.0,20120403,20250824,480300,99999,48030099999
480310,99999,FALAM,BM,,,22.917,93.683,1372.0,19730101,20241028,480310,99999,48031099999
480330,99999,SHWEBO,BM,,,22.583,95.717,110.0,19450131,20250824,480330,99999,48033099999
480370,99999,MONYWA,BM,,,22.1,95.133,82.0,19450221,20250824,480370,99999,48037099999
480420,99999,MANDALAY,BM,,VBRM,21.983,96.1,76.0,19470405,20250824,480420,99999,48042099999
480480,99999,NYAUNG-U,BM,,,21.2,94.917,55.0,20010705,20250824,480480,99999,48048099999
480530,99999,MEIKTILA,BM,,VBML,20.833,95.833,220.0,19450315,20250824,480530,99999,48053099999
480570,99999,TAUNGGYI,BM,,,20.783,97.05,1436.0,19500821,20250824,480570,99999,48057099999
480620,99999,SITTWE,BM,,VYSW,20.133,92.873,8.2,19450302,20250824,480620,99999,48062099999
480640,99999,MINBU,BM,,,20.167,94.883,51.0,19581122,20250824,480640,99999,48064099999
480710,99999,KYAUKPYU,BM,,VBKP,19.417,93.55,5.0,19490101,20241116,480710,99999,48071099999
480720,99999,MANAUNG,BM,,,18.85,93.733,9.1,20120410,20241116,480720,99999,48072099999
480740,99999,PYINMANA,BM,,,19.717,96.217,104.0,19540515,20250824,480740,99999,48074099999
480750,99999,LOIKAW,BM,,,19.683,97.217,895.0,19581122,20250824,480750,99999,48075099999
480770,99999,PROME,BM,,VBPR,18.8,95.217,60.0,19500622,20250824,480770,99999,48077099999
480780,99999,TOUNGOO,BM,,,18.917,96.467,49.0,19500408,20250824,480780,99999,48078099999
480850,99999,GWA,BM,,,17.583,94.583,3.0,20120403,20241030,480850,99999,48085099999
480870,99999,HINTHADA,BM,,,17.667,95.417,26.0,19740805,20250824,480870,99999,48087099999
480930,99999,BAGO,BM,,,17.333,96.5,15.0,19540520,20250824,480930,99999,48093099999
480940,99999,PATHEIN,BM,,VBBS,16.767,94.767,10.0,19490101,20250824,480940,99999,48094099999
480950,99999,MAUBIN,BM,,,16.733,95.65,5.0,19540501,20250824,480950,99999,48095099999
480960,99999,MINGALADON,BM,,,16.9,96.183,29.0,19450901,20250824,480960,99999,48096099999
480970,99999,YANGON INTL,BM,,VYYY,16.907,96.133,33.2,19490417,20250824,480970,99999,48097099999
480990,99999,HPAAN,BM,,VBPA,16.75,97.667,10.0,19730101,20250824,480990,99999,48099099999
481010,99999,PHYAPON,BM,,,16.267,95.667,2.1,19510921,20250824,481010,99999,48101099999
481030,99999,MAWLAMYINE,BM,,VBMM,16.5,97.617,22.0,19490929,20250824,481030,99999,48103099999
481070,99999,YE,BM,,,15.25,97.867,7.0,19730101,20250824,481070,99999,48107099999
481090,99999,COCO ISLAND,BM,,VBCI,14.117,93.367,3.0,19550114,20250824,481090,99999,48109099999
483000,99999,MAE HONG SON,TH,,VTCH,19.301,97.976,283.2,19540512,20250824,483000,99999,48300099999
483250,99999,MAE SARIANG,TH,,VTCS,18.167,97.933,213.0,19540501,20250824,483250,99999,48325099999
486001,99999,MANDALAY INTL,BM,,VYMD,21.702,95.978,91.4,20040707,20250824,486001,99999,48600199999
518180,99999,PISHAN,CH,,,37.617,78.283,1376.0,19610301,20250824,518180,99999,51818099999
518280,99999,HOTAN,CH,,ZWTN,37.133,79.933,1375.0,19560820,20250824,518280,99999,51828099999
527130,99999,DA-QAIDAM,CH,,,37.85,95.367,3174.0,19570630,20250824,527130,99999,52713099999
527370,99999,DELINGHA,CH,,,37.367,97.367,2982.0,19560820,20250824,527370,99999,52737099999
528180,99999,GOLMUD,CH,,ZLGM,36.417,94.9,2809.0,19560820,20250824,528180,99999,52818099999
529080,99999,WUDAOLIANG,CH,,,35.217,93.083,4613.0,19570701,20250824,529080,99999,52908099999
552280,99999,SHIQUANHE,CH,,,32.5,80.083,4280.0,19610701,20250824,552280,99999,55228099999
552990,99999,NAGQU,CH,,,31.483,92.067,4508.0,19560820,20250824,552990,99999,55299099999
555780,99999,XIGAZE,CH,,,29.25,88.883,3837.0,19570701,20250824,555780,99999,55578099999
555910,99999,LHASA / GONGGAR,CN,,ZULS,29.298,90.912,3570.0,19560820,20250824,555910,99999,55591099999
556640,99999,TINGRI,CH,,,28.633,87.083,4300.0,19591210,20250824,556640,99999,55664099999
557730,99999,PAGRI,CH,,,27.733,89.083,4300.0,19560820,20250824,557730,99999,55773099999
560040,99999,TUOTUOHE,CH,,,34.217,92.433,4535.0,19570701,20250824,560040,99999,56004099999
560180,99999,ZADOI,CH,,,32.9,95.3,4068.0,19570701,20250824,560180,99999,56018099999
560210,99999,QUMARLEB,CH,,,34.133,95.783,4176.0,19570701,20250824,560210,99999,56021099999
560290,99999,YUSHU,CH,,,33.017,96.95,3682.0,19560820,20250824,560290,99999,56029099999
561160,99999,DENGQEN,CH,,,31.417,95.6,3874.0,19560820,20250824,561160,99999,56116099999
561370,99999,QAMDO,CH,,,31.15,97.167,3307.0,19560820,20250824,561370,99999,56137099999
563120,99999,NYINGCHI,CH,,,29.567,94.467,3001.0,19560820,20250824,563120,99999,56312099999
568380,99999,RUILI,CH,,,24.0,97.85,776.0,19591209,20250824,568380,99999,56838099999
960010,99999,MAIMUN SALEH,ID,,WIAA,5.874,95.34,113.0,19490101,20250307,960010,99999,96001099999
960090,99999,MALIKUS SALEH,ID,,WITM,5.227,96.95,27.4,19770901,20250824,960090,99999,96009099999
960110,99999,SULTAN ISKANDAR MUDA,ID,,WITT,5.524,95.42,19.8,19600201,20250824,960110,99999,96011099999
